prod_id,total,fraud,avg_rating,fraud_rate
0,88,7,3.6136363636363638,0.07954545454545454
1,25,11,2.64,0.44
2,33,6,4.03030303030303,0.18181818181818182
3,2,1,3.5,0.5
4,75,17,3.68,0.22666666666666666
5,1,0,4.0,0.0
6,8,3,3.0,0.375
7,508,37,4.200787401574803,0.07283464566929133
8,10,3,4.7,0.3
9,2497,534,2.5058069683620343,0.21385662795354426
10,21,7,3.142857142857143,0.3333333333333333
11,6,2,3.8333333333333335,0.3333333333333333
12,76,18,3.3684210526315788,0.23684210526315788
13,2,0,3.5,0.0
14,30,8,3.3666666666666667,0.26666666666666666
15,156,13,3.769230769230769,0.08333333333333333
16,73,11,3.6986301369863015,0.1506849315068493
17,31,6,4.580645161290323,0.1935483870967742
18,178,15,4.022471910112359,0.08426966292134831
19,13,3,2.1538461538461537,0.23076923076923078
20,300,24,4.206666666666667,0.08
21,6,1,2.0,0.16666666666666666
22,4,0,4.5,0.0
23,6,0,3.8333333333333335,0.0
24,196,19,4.183673469387755,0.09693877551020408
25,15,2,3.6666666666666665,0.13333333333333333
26,9,3,4.0,0.3333333333333333
27,9,1,3.3333333333333335,0.1111111111111111
28,821,69,4.085261875761267,0.08404384896467722
29,21,10,3.5238095238095237,0.47619047619047616
30,3,0,4.0,0.0
31,35,11,2.142857142857143,0.3142857142857143
32,215,17,3.7534883720930234,0.07906976744186046
33,6,5,4.0,0.8333333333333334
34,25,4,4.6,0.16
35,8,1,3.0,0.125
36,8,1,3.5,0.125
37,5,1,4.0,0.2
38,2,1,1.5,0.5
39,147,30,3.6530612244897958,0.20408163265306123
40,41,16,3.048780487804878,0.3902439024390244
41,10,4,3.2,0.4
42,1,1,5.0,1.0
43,216,30,3.8333333333333335,0.1388888888888889
44,69,20,3.8405797101449277,0.2898550724637681
45,2,1,1.0,0.5
46,225,30,4.0488888888888885,0.13333333333333333
47,1,0,5.0,0.0
48,45,6,3.511111111111111,0.13333333333333333
49,103,20,4.165048543689321,0.1941747572815534
50,5,1,4.2,0.2
51,22,3,3.6363636363636362,0.13636363636363635
52,677,51,3.7518463810930576,0.07533234859675036
53,1,0,4.0,0.0
54,4,0,3.25,0.0
55,60,20,2.5,0.3333333333333333
56,2696,646,4.543026706231454,0.23961424332344214
57,974,92,3.606776180698152,0.0944558521560575
58,3,0,4.333333333333333,0.0
59,847,132,4.312868949232586,0.15584415584415584
60,22,13,2.727272727272727,0.5909090909090909
61,1,1,1.0,1.0
62,58,10,4.258620689655173,0.1724137931034483
63,57,31,3.526315789473684,0.543859649122807
64,73,9,4.328767123287672,0.1232876712328767
65,12,1,3.75,0.08333333333333333
66,6,4,3.6666666666666665,0.6666666666666666
67,8,1,3.625,0.125
68,49,7,3.489795918367347,0.14285714285714285
69,102,12,4.735294117647059,0.11764705882352941
70,43,12,3.6511627906976742,0.27906976744186046
71,476,21,3.8004201680672267,0.04411764705882353
72,7,0,4.285714285714286,0.0
73,95,15,2.6,0.15789473684210525
74,1,0,4.0,0.0
75,3,0,3.0,0.0
76,88,40,2.2045454545454546,0.45454545454545453
77,3,0,4.333333333333333,0.0
78,1,0,5.0,0.0
79,262,15,3.9122137404580153,0.05725190839694656
80,8,1,2.625,0.125
81,37,18,3.081081081081081,0.4864864864864865
82,11,5,2.4545454545454546,0.45454545454545453
83,64,10,4.71875,0.15625
84,41,11,4.170731707317073,0.2682926829268293
85,617,26,4.13128038897893,0.04213938411669368
86,18,3,3.7222222222222223,0.16666666666666666
87,258,56,4.422480620155039,0.21705426356589147
88,2,0,5.0,0.0
89,9,4,3.7777777777777777,0.4444444444444444
90,151,20,3.9735099337748343,0.13245033112582782
91,1,1,5.0,1.0
92,61,17,2.442622950819672,0.2786885245901639
93,6,1,3.3333333333333335,0.16666666666666666
94,12,4,3.5,0.3333333333333333
95,34,2,3.6470588235294117,0.058823529411764705
96,10,4,4.4,0.4
97,13,1,4.461538461538462,0.07692307692307693
98,15,2,4.6,0.13333333333333333
99,5,1,2.4,0.2
100,725,85,4.28,0.11724137931034483
101,2,1,3.0,0.5
102,92,23,2.4456521739130435,0.25
103,302,22,3.6059602649006623,0.0728476821192053
104,54,4,4.203703703703703,0.07407407407407407
105,76,10,3.263157894736842,0.13157894736842105
106,1,0,1.0,0.0
107,8,0,3.5,0.0
108,21,11,3.0,0.5238095238095238
109,272,32,4.036764705882353,0.11764705882352941
110,84,8,3.869047619047619,0.09523809523809523
111,55,7,4.745454545454545,0.12727272727272726
112,442,72,2.984162895927602,0.16289592760180996
113,318,35,3.742138364779874,0.11006289308176101
114,487,48,4.0102669404517455,0.09856262833675565
115,23,5,3.5217391304347827,0.21739130434782608
116,23,10,4.739130434782608,0.43478260869565216
117,10,2,3.5,0.2
118,14,8,3.857142857142857,0.5714285714285714
119,44,14,3.5454545454545454,0.3181818181818182
120,4,0,4.5,0.0
121,12,4,3.1666666666666665,0.3333333333333333
122,2,1,4.0,0.5
123,169,28,3.8875739644970415,0.16568047337278108
124,87,6,4.183908045977011,0.06896551724137931
125,7,2,4.0,0.2857142857142857
126,252,28,4.023809523809524,0.1111111111111111
127,2677,181,3.9518117295480013,0.06761299962644751
128,318,34,4.443396226415095,0.1069182389937107
129,278,26,4.424460431654676,0.09352517985611511
130,1,0,3.0,0.0
131,21,6,3.0952380952380953,0.2857142857142857
132,42,7,2.6904761904761907,0.16666666666666666
133,2,0,3.0,0.0
134,1,1,5.0,1.0
135,268,36,3.783582089552239,0.13432835820895522
136,28,5,4.25,0.17857142857142858
137,243,18,3.8724279835390947,0.07407407407407407
138,350,27,3.8114285714285714,0.07714285714285714
139,1247,124,4.094627105052125,0.09943865276663993
140,105,29,3.742857142857143,0.2761904761904762
141,27,6,3.5555555555555554,0.2222222222222222
142,61,2,4.344262295081967,0.03278688524590164
143,244,25,3.8524590163934427,0.10245901639344263
144,442,43,4.122171945701357,0.09728506787330317
145,105,21,4.866666666666666,0.2
146,52,12,3.7115384615384617,0.23076923076923078
147,1,1,5.0,1.0
148,143,25,3.4755244755244754,0.17482517482517482
149,21,7,2.857142857142857,0.3333333333333333
150,32,11,4.125,0.34375
151,1262,420,3.309825673534073,0.3328050713153724
152,1,0,1.0,0.0
153,8,2,4.125,0.25
154,99,3,4.181818181818182,0.030303030303030304
155,16,4,4.0625,0.25
156,19,1,3.6315789473684212,0.05263157894736842
157,19,1,4.315789473684211,0.05263157894736842
158,1,0,4.0,0.0
159,31,5,4.806451612903226,0.16129032258064516
160,13,3,3.076923076923077,0.23076923076923078
161,77,19,4.090909090909091,0.24675324675324675
162,15,3,3.466666666666667,0.2
163,280,47,4.171428571428572,0.16785714285714284
164,1,0,5.0,0.0
165,84,12,4.523809523809524,0.14285714285714285
166,31,12,2.3870967741935485,0.3870967741935484
167,345,50,3.5739130434782607,0.14492753623188406
168,44,12,4.454545454545454,0.2727272727272727
169,12,5,3.1666666666666665,0.4166666666666667
170,56,5,3.8392857142857144,0.08928571428571429
171,50,12,3.66,0.24
172,3,0,3.6666666666666665,0.0
173,128,19,3.265625,0.1484375
174,89,13,3.7865168539325844,0.14606741573033707
175,20,3,3.75,0.15
176,169,19,4.041420118343195,0.11242603550295859
177,2,0,2.5,0.0
178,4,3,3.5,0.75
179,148,10,3.3445945945945947,0.06756756756756757
180,37,4,4.054054054054054,0.10810810810810811
181,28,6,2.9642857142857144,0.21428571428571427
182,16,7,4.1875,0.4375
183,1,0,2.0,0.0
184,2,1,2.5,0.5
185,150,10,3.7466666666666666,0.06666666666666667
186,89,7,3.50561797752809,0.07865168539325842
187,491,49,4.136456211812627,0.09979633401221996
188,64,7,2.71875,0.109375
189,77,25,3.064935064935065,0.3246753246753247
190,33,11,3.121212121212121,0.3333333333333333
191,689,61,4.062409288824383,0.08853410740203194
192,37,4,4.45945945945946,0.10810810810810811
193,14,2,3.7142857142857144,0.14285714285714285
194,2,0,5.0,0.0
195,6,0,3.8333333333333335,0.0
196,1,1,5.0,1.0
197,3,0,3.3333333333333335,0.0
198,47,4,4.23404255319149,0.0851063829787234
199,112,30,2.875,0.26785714285714285
200,130,28,4.076923076923077,0.2153846153846154
201,11,2,4.090909090909091,0.18181818181818182
202,98,7,3.7142857142857144,0.07142857142857142
203,5,2,1.2,0.4
204,48,14,3.4166666666666665,0.2916666666666667
205,14,2,3.5714285714285716,0.14285714285714285
206,1,1,5.0,1.0
207,4,1,2.25,0.25
208,22,6,3.8181818181818183,0.2727272727272727
209,67,16,4.537313432835821,0.23880597014925373
210,126,17,3.8333333333333335,0.1349206349206349
211,33,8,4.0,0.24242424242424243
212,52,7,4.365384615384615,0.1346153846153846
213,99,6,4.383838383838384,0.06060606060606061
214,4,2,3.75,0.5
215,12,2,4.833333333333333,0.16666666666666666
216,62,15,3.935483870967742,0.24193548387096775
217,27,3,2.740740740740741,0.1111111111111111
218,3,1,4.666666666666667,0.3333333333333333
219,41,2,3.5609756097560976,0.04878048780487805
220,44,5,3.7954545454545454,0.11363636363636363
221,4,0,4.0,0.0
222,1,0,5.0,0.0
223,44,6,3.727272727272727,0.13636363636363635
224,13,3,4.384615384615385,0.23076923076923078
225,6,1,3.5,0.16666666666666666
226,102,16,4.1568627450980395,0.1568627450980392
227,2,0,4.0,0.0
228,66,16,2.878787878787879,0.24242424242424243
229,6,2,3.5,0.3333333333333333
230,26,5,3.730769230769231,0.19230769230769232
231,15,3,3.533333333333333,0.2
232,70,14,4.071428571428571,0.2
233,395,38,4.405063291139241,0.09620253164556962
234,30,5,3.433333333333333,0.16666666666666666
235,119,16,4.084033613445378,0.13445378151260504
236,3,1,2.3333333333333335,0.3333333333333333
237,580,56,3.8086206896551724,0.09655172413793103
238,2,0,3.5,0.0
239,28,10,3.25,0.35714285714285715
240,370,51,3.7378378378378376,0.13783783783783785
241,2,0,4.5,0.0
242,204,30,3.911764705882353,0.14705882352941177
243,28,7,3.857142857142857,0.25
244,163,10,4.50920245398773,0.06134969325153374
245,1,0,4.0,0.0
246,301,47,4.132890365448505,0.15614617940199335
247,143,72,3.4055944055944054,0.5034965034965035
248,43,8,4.1395348837209305,0.18604651162790697
249,124,14,3.588709677419355,0.11290322580645161
250,44,19,3.909090909090909,0.4318181818181818
251,120,14,4.3,0.11666666666666667
252,11,2,3.1818181818181817,0.18181818181818182
253,85,19,4.105882352941176,0.2235294117647059
254,46,14,3.391304347826087,0.30434782608695654
255,113,13,3.8230088495575223,0.11504424778761062
256,148,13,4.135135135135135,0.08783783783783784
257,73,16,3.452054794520548,0.2191780821917808
258,1,1,5.0,1.0
259,7,2,3.0,0.2857142857142857
260,59,13,3.542372881355932,0.22033898305084745
261,23,4,3.4782608695652173,0.17391304347826086
262,4,1,3.25,0.25
263,14,10,4.357142857142857,0.7142857142857143
264,3,1,4.666666666666667,0.3333333333333333
265,244,41,3.4959016393442623,0.1680327868852459
266,61,14,3.5081967213114753,0.22950819672131148
267,13,1,4.615384615384615,0.07692307692307693
268,40,8,4.3,0.2
269,1,1,5.0,1.0
270,101,9,4.158415841584159,0.0891089108910891
271,28,2,3.7142857142857144,0.07142857142857142
272,17,1,4.0588235294117645,0.058823529411764705
273,2,2,5.0,1.0
274,28,4,3.2857142857142856,0.14285714285714285
275,142,64,3.8661971830985915,0.4507042253521127
276,2,0,4.0,0.0
277,72,14,3.7222222222222223,0.19444444444444445
278,173,26,3.7976878612716765,0.15028901734104047
279,15,4,3.0,0.26666666666666666
280,637,77,3.544740973312402,0.12087912087912088
281,463,54,3.775377969762419,0.11663066954643629
282,86,5,4.569767441860465,0.05813953488372093
283,365,22,3.8465753424657536,0.06027397260273973
284,14,7,3.642857142857143,0.5
285,4,2,3.5,0.5
286,519,67,4.094412331406551,0.12909441233140656
287,83,30,3.5060240963855422,0.3614457831325301
288,1,0,4.0,0.0
289,24,6,3.3333333333333335,0.25
290,50,16,3.92,0.32
291,93,21,3.4838709677419355,0.22580645161290322
292,8,1,3.25,0.125
293,3,0,3.3333333333333335,0.0
294,126,30,3.7222222222222223,0.23809523809523808
295,190,20,3.6210526315789475,0.10526315789473684
296,31,7,2.7096774193548385,0.22580645161290322
297,51,19,2.980392156862745,0.37254901960784315
298,282,26,4.212765957446808,0.09219858156028368
299,146,13,3.7465753424657535,0.08904109589041095
300,33,4,3.606060606060606,0.12121212121212122
301,28,7,3.7142857142857144,0.25
302,2,0,4.0,0.0
303,8,3,3.75,0.375
304,5,4,5.0,0.8
305,16,8,4.0,0.5
306,79,4,4.227848101265823,0.05063291139240506
307,5,0,1.8,0.0
308,65,27,3.723076923076923,0.4153846153846154
309,24,12,3.5833333333333335,0.5
310,1,0,1.0,0.0
311,89,6,3.9101123595505616,0.06741573033707865
312,5,0,4.4,0.0
313,4,0,2.75,0.0
314,71,8,3.676056338028169,0.11267605633802817
315,11,3,3.5454545454545454,0.2727272727272727
316,8,2,2.25,0.25
317,9,2,3.111111111111111,0.2222222222222222
318,138,15,3.717391304347826,0.10869565217391304
319,1,0,3.0,0.0
320,90,15,3.9444444444444446,0.16666666666666666
321,249,34,3.8032128514056227,0.13654618473895583
322,4,2,2.5,0.5
323,312,53,3.9711538461538463,0.16987179487179488
324,1,0,3.0,0.0
325,43,9,2.953488372093023,0.20930232558139536
326,96,7,4.270833333333333,0.07291666666666667
327,131,21,3.7709923664122136,0.16030534351145037
328,266,31,4.045112781954887,0.11654135338345864
329,64,17,3.96875,0.265625
330,600,52,3.9766666666666666,0.08666666666666667
331,1,0,5.0,0.0
332,52,7,4.115384615384615,0.1346153846153846
333,2,1,3.5,0.5
334,52,30,3.25,0.5769230769230769
335,1,0,5.0,0.0
336,18,5,2.6666666666666665,0.2777777777777778
337,10,2,2.8,0.2
338,59,11,4.305084745762712,0.1864406779661017
339,28,1,4.142857142857143,0.03571428571428571
340,1,1,5.0,1.0
341,33,12,3.4545454545454546,0.36363636363636365
342,71,12,3.915492957746479,0.16901408450704225
343,83,19,3.8795180722891565,0.2289156626506024
344,126,8,3.5476190476190474,0.06349206349206349
345,19,7,3.526315789473684,0.3684210526315789
346,15,1,3.6,0.06666666666666667
347,3,2,4.333333333333333,0.6666666666666666
348,129,22,3.116279069767442,0.17054263565891473
349,209,35,4.0,0.1674641148325359
350,1,0,3.0,0.0
351,86,13,3.872093023255814,0.1511627906976744
352,1496,231,4.248663101604278,0.15441176470588236
353,20,5,3.6,0.25
354,9,2,3.0,0.2222222222222222
355,31,9,4.193548387096774,0.2903225806451613
356,89,6,4.179775280898877,0.06741573033707865
357,810,74,3.920987654320988,0.09135802469135802
358,72,10,4.694444444444445,0.1388888888888889
359,53,7,4.39622641509434,0.1320754716981132
360,21,5,3.7142857142857144,0.23809523809523808
361,4,0,3.25,0.0
362,37,25,4.0,0.6756756756756757
363,47,36,4.340425531914893,0.7659574468085106
364,128,16,4.4375,0.125
365,157,21,4.235668789808917,0.1337579617834395
366,380,24,4.121052631578947,0.06315789473684211
367,5,1,1.8,0.2
368,481,44,3.8814968814968815,0.09147609147609148
369,52,12,3.75,0.23076923076923078
370,390,34,3.9358974358974357,0.08717948717948718
371,2,0,4.0,0.0
372,780,105,3.3243589743589745,0.1346153846153846
373,2,0,4.0,0.0
374,29,6,2.3448275862068964,0.20689655172413793
375,603,80,4.308457711442786,0.13266998341625208
376,29,7,3.103448275862069,0.2413793103448276
377,8,3,4.75,0.375
378,74,45,3.3783783783783785,0.6081081081081081
379,104,11,3.576923076923077,0.10576923076923077
380,13,5,3.6153846153846154,0.38461538461538464
381,206,36,4.024271844660194,0.17475728155339806
382,16,4,4.0625,0.25
383,2,0,3.5,0.0
384,146,10,3.8219178082191783,0.0684931506849315
385,1,1,5.0,1.0
386,29,4,3.3448275862068964,0.13793103448275862
387,64,2,4.46875,0.03125
388,131,26,4.244274809160306,0.1984732824427481
389,1,1,5.0,1.0
390,26,4,3.3846153846153846,0.15384615384615385
391,190,35,3.8105263157894735,0.18421052631578946
392,1,1,5.0,1.0
393,4,0,3.75,0.0
394,33,6,4.424242424242424,0.18181818181818182
395,1107,106,3.8003613369467026,0.0957542908762421
396,62,18,4.016129032258065,0.2903225806451613
397,37,11,4.162162162162162,0.2972972972972973
398,203,11,4.325123152709359,0.054187192118226604
399,99,5,4.626262626262626,0.050505050505050504
400,321,29,4.29595015576324,0.09034267912772585
401,17,5,3.1176470588235294,0.29411764705882354
402,16,1,2.4375,0.0625
403,22,5,2.590909090909091,0.22727272727272727
404,53,16,3.9622641509433962,0.3018867924528302
405,31,4,4.258064516129032,0.12903225806451613
406,7,0,3.0,0.0
407,7,0,3.7142857142857144,0.0
408,22,8,4.181818181818182,0.36363636363636365
409,2,0,3.5,0.0
410,44,4,4.2727272727272725,0.09090909090909091
411,27,7,4.2592592592592595,0.25925925925925924
412,6,1,3.1666666666666665,0.16666666666666666
413,3,0,4.0,0.0
414,161,32,4.049689440993789,0.19875776397515527
415,4,1,4.75,0.25
416,17,2,3.4705882352941178,0.11764705882352941
417,4,0,2.75,0.0
418,161,24,4.490683229813665,0.14906832298136646
419,240,28,3.8833333333333333,0.11666666666666667
420,79,18,3.5063291139240507,0.22784810126582278
421,48,9,3.0625,0.1875
422,200,12,3.985,0.06
423,8,0,4.5,0.0
424,879,81,4.003412969283277,0.09215017064846416
425,3,0,3.0,0.0
426,215,42,3.7534883720930234,0.19534883720930232
427,47,7,3.9148936170212765,0.14893617021276595
428,1,0,4.0,0.0
429,118,6,4.584745762711864,0.05084745762711865
430,41,14,3.4878048780487805,0.34146341463414637
431,239,38,3.9790794979079496,0.1589958158995816
432,5,1,1.8,0.2
433,2,2,5.0,1.0
434,28,5,4.678571428571429,0.17857142857142858
435,16,9,3.6875,0.5625
436,82,22,3.317073170731707,0.2682926829268293
437,200,24,3.615,0.12
438,387,49,4.028423772609819,0.12661498708010335
439,27,8,3.962962962962963,0.2962962962962963
440,3,0,2.6666666666666665,0.0
441,47,12,3.5319148936170213,0.2553191489361702
442,2,0,3.5,0.0
443,53,9,4.622641509433962,0.16981132075471697
444,5,2,3.2,0.4
445,4,0,4.75,0.0
446,24,7,3.1666666666666665,0.2916666666666667
447,243,28,3.962962962962963,0.11522633744855967
448,153,21,3.849673202614379,0.13725490196078433
449,29,1,4.310344827586207,0.034482758620689655
450,73,5,3.4246575342465753,0.0684931506849315
451,43,14,3.4186046511627906,0.32558139534883723
452,73,6,4.287671232876712,0.0821917808219178
453,21,7,3.5714285714285716,0.3333333333333333
454,96,13,3.96875,0.13541666666666666
455,3,1,2.3333333333333335,0.3333333333333333
456,228,36,4.214912280701754,0.15789473684210525
457,1,0,4.0,0.0
458,513,39,4.175438596491228,0.07602339181286549
459,7,1,4.285714285714286,0.14285714285714285
460,3,2,4.666666666666667,0.6666666666666666
461,124,7,4.056451612903226,0.056451612903225805
462,32,11,3.6875,0.34375
463,9,4,4.555555555555555,0.4444444444444444
464,1,0,3.0,0.0
465,283,35,4.003533568904594,0.12367491166077739
466,114,14,3.4298245614035086,0.12280701754385964
467,275,23,4.2327272727272724,0.08363636363636363
468,34,12,3.764705882352941,0.35294117647058826
469,2,0,3.5,0.0
470,388,48,3.943298969072165,0.12371134020618557
471,107,26,3.149532710280374,0.24299065420560748
472,150,16,3.98,0.10666666666666667
473,43,15,3.511627906976744,0.3488372093023256
474,23,15,3.260869565217391,0.6521739130434783
475,44,8,4.090909090909091,0.18181818181818182
476,107,61,2.467289719626168,0.5700934579439252
477,39,23,3.7948717948717947,0.5897435897435898
478,50,13,3.64,0.26
479,7,0,3.7142857142857144,0.0
480,2,0,4.5,0.0
481,20,6,3.6,0.3
482,694,46,3.7896253602305476,0.06628242074927954
483,11,1,4.7272727272727275,0.09090909090909091
484,90,15,3.7666666666666666,0.16666666666666666
485,2,0,3.0,0.0
486,6,3,4.0,0.5
487,26,2,4.538461538461538,0.07692307692307693
488,200,22,4.065,0.11
489,102,11,4.019607843137255,0.10784313725490197
490,553,29,3.7160940325497287,0.05244122965641953
491,8,2,3.375,0.25
492,33,7,4.848484848484849,0.21212121212121213
493,4,0,5.0,0.0
494,88,11,4.386363636363637,0.125
495,625,62,4.0096,0.0992
496,2065,316,3.988861985472155,0.15302663438256658
497,9,4,3.4444444444444446,0.4444444444444444
498,53,4,3.9056603773584904,0.07547169811320754
499,36,6,3.388888888888889,0.16666666666666666
500,21,13,2.619047619047619,0.6190476190476191
501,24,3,3.5416666666666665,0.125
502,1,0,4.0,0.0
503,166,27,4.385542168674699,0.16265060240963855
504,10,3,3.3,0.3
505,47,12,2.872340425531915,0.2553191489361702
506,5,1,2.6,0.2
507,3,1,3.3333333333333335,0.3333333333333333
508,127,9,3.8188976377952755,0.07086614173228346
509,24,5,3.4166666666666665,0.20833333333333334
510,14,0,4.785714285714286,0.0
511,84,10,3.7857142857142856,0.11904761904761904
512,9,0,3.5555555555555554,0.0
513,184,22,4.070652173913044,0.11956521739130435
514,2,1,3.0,0.5
515,518,54,4.154440154440154,0.10424710424710425
516,1,0,4.0,0.0
517,9,2,2.4444444444444446,0.2222222222222222
518,70,9,3.5285714285714285,0.12857142857142856
519,15,3,4.933333333333334,0.2
520,11,1,3.6363636363636362,0.09090909090909091
521,12,0,3.4166666666666665,0.0
522,113,19,4.539823008849558,0.168141592920354
523,299,70,3.4214046822742477,0.23411371237458195
524,17,5,4.588235294117647,0.29411764705882354
525,164,43,3.152439024390244,0.2621951219512195
526,32,15,2.78125,0.46875
527,11,2,3.727272727272727,0.18181818181818182
528,1,0,4.0,0.0
529,2,0,3.5,0.0
530,66,9,4.5606060606060606,0.13636363636363635
531,352,46,3.653409090909091,0.13068181818181818
532,122,38,3.5327868852459017,0.3114754098360656
533,2,0,4.5,0.0
534,1,1,1.0,1.0
535,178,18,4.224719101123595,0.10112359550561797
536,70,3,4.514285714285714,0.04285714285714286
537,22,2,3.227272727272727,0.09090909090909091
538,41,10,3.951219512195122,0.24390243902439024
539,2,0,2.5,0.0
540,99,9,2.95959595959596,0.09090909090909091
541,7,1,3.5714285714285716,0.14285714285714285
542,152,17,3.776315789473684,0.1118421052631579
543,434,56,3.845622119815668,0.12903225806451613
544,5,0,4.6,0.0
545,150,23,4.366666666666666,0.15333333333333332
546,27,13,3.2962962962962963,0.48148148148148145
547,76,17,3.5921052631578947,0.2236842105263158
548,14,1,3.5,0.07142857142857142
549,56,14,3.607142857142857,0.25
550,45,8,4.4,0.17777777777777778
551,87,10,3.781609195402299,0.11494252873563218
552,1174,105,3.922487223168654,0.08943781942078365
553,1,0,1.0,0.0
554,541,36,3.846580406654344,0.066543438077634
555,109,4,4.302752293577981,0.03669724770642202
556,3,0,4.666666666666667,0.0
557,334,70,3.3982035928143715,0.20958083832335328
558,178,21,3.747191011235955,0.11797752808988764
559,61,6,4.032786885245901,0.09836065573770492
560,60,23,4.533333333333333,0.38333333333333336
561,44,3,4.636363636363637,0.06818181818181818
562,10,0,3.8,0.0
563,3,1,5.0,0.3333333333333333
564,3,1,2.0,0.3333333333333333
565,20,2,3.4,0.1
566,742,90,3.6307277628032346,0.12129380053908356
567,24,15,3.875,0.625
568,3,1,3.6666666666666665,0.3333333333333333
569,5,1,4.0,0.2
570,4,2,3.5,0.5
571,34,5,3.411764705882353,0.14705882352941177
572,10,5,3.6,0.5
573,15,4,4.333333333333333,0.26666666666666666
574,1,1,5.0,1.0
575,51,14,3.5686274509803924,0.27450980392156865
576,1,0,5.0,0.0
577,5,1,4.4,0.2
578,87,12,4.172413793103448,0.13793103448275862
579,25,7,3.08,0.28
580,20,3,2.55,0.15
581,2,1,4.0,0.5
582,5,1,3.6,0.2
583,65,13,2.646153846153846,0.2
584,45,7,3.9555555555555557,0.15555555555555556
585,1,0,1.0,0.0
586,67,4,4.507462686567164,0.05970149253731343
587,121,13,3.8512396694214877,0.10743801652892562
588,3,1,2.6666666666666665,0.3333333333333333
589,100,11,3.8,0.11
590,259,19,3.911196911196911,0.07335907335907337
591,188,30,4.037234042553192,0.1595744680851064
592,18,1,4.666666666666667,0.05555555555555555
593,33,7,3.484848484848485,0.21212121212121213
594,2,0,1.0,0.0
595,184,23,4.304347826086956,0.125
596,217,23,4.359447004608295,0.10599078341013825
597,14,2,2.642857142857143,0.14285714285714285
598,60,18,4.116666666666666,0.3
599,14,2,4.214285714285714,0.14285714285714285
600,76,10,3.8026315789473686,0.13157894736842105
601,430,64,3.902325581395349,0.14883720930232558
602,34,5,2.8529411764705883,0.14705882352941177
603,25,6,4.76,0.24
604,12,9,5.0,0.75
605,4,0,4.5,0.0
606,3,1,1.3333333333333333,0.3333333333333333
607,105,13,4.0476190476190474,0.12380952380952381
608,121,8,3.9421487603305785,0.06611570247933884
609,2,0,4.0,0.0
610,4,3,4.0,0.75
611,44,17,2.6363636363636362,0.38636363636363635
612,43,25,3.441860465116279,0.5813953488372093
613,2,0,3.5,0.0
614,76,14,3.960526315789474,0.18421052631578946
615,895,81,4.043575418994413,0.09050279329608939
616,62,10,3.9193548387096775,0.16129032258064516
617,19,5,3.473684210526316,0.2631578947368421
618,96,5,3.8020833333333335,0.052083333333333336
619,4,3,4.75,0.75
620,20,3,4.35,0.15
621,36,17,3.5,0.4722222222222222
622,5,2,3.0,0.4
623,84,10,3.3452380952380953,0.11904761904761904
624,169,16,3.7159763313609466,0.09467455621301775
625,9,2,3.888888888888889,0.2222222222222222
626,174,9,4.091954022988506,0.05172413793103448
627,8,3,4.5,0.375
628,35,6,4.0,0.17142857142857143
629,510,35,3.9450980392156865,0.06862745098039216
630,32,5,4.1875,0.15625
631,1,0,5.0,0.0
632,207,23,3.8357487922705316,0.1111111111111111
633,20,4,3.8,0.2
634,96,4,3.375,0.041666666666666664
635,80,16,3.55,0.2
636,366,22,4.098360655737705,0.060109289617486336
637,4,0,3.5,0.0
638,32,3,4.09375,0.09375
639,16,2,4.25,0.125
640,8,0,3.75,0.0
641,8,1,3.875,0.125
642,71,8,3.9577464788732395,0.11267605633802817
643,250,33,4.572,0.132
644,9,2,3.5555555555555554,0.2222222222222222
645,45,6,4.066666666666666,0.13333333333333333
646,1153,95,3.9679098005203817,0.0823937554206418
647,40,2,4.35,0.05
648,66,5,4.0606060606060606,0.07575757575757576
649,72,7,4.194444444444445,0.09722222222222222
650,12,3,3.4166666666666665,0.25
651,61,13,3.9344262295081966,0.21311475409836064
652,21,4,4.476190476190476,0.19047619047619047
653,1,0,5.0,0.0
654,45,25,3.888888888888889,0.5555555555555556
655,94,13,3.7127659574468086,0.13829787234042554
656,209,48,4.0669856459330145,0.22966507177033493
657,506,47,3.8260869565217392,0.09288537549407115
658,292,38,3.8424657534246576,0.13013698630136986
659,3,1,2.3333333333333335,0.3333333333333333
660,124,5,3.879032258064516,0.04032258064516129
661,18,7,3.5555555555555554,0.3888888888888889
662,4,2,3.75,0.5
663,3,2,4.666666666666667,0.6666666666666666
664,6,2,4.0,0.3333333333333333
665,1,0,2.0,0.0
666,21,3,3.8095238095238093,0.14285714285714285
667,3,0,4.0,0.0
668,33,8,3.757575757575758,0.24242424242424243
669,3,3,1.0,1.0
670,246,28,4.170731707317073,0.11382113821138211
671,95,7,3.957894736842105,0.07368421052631578
672,6,0,3.5,0.0
673,120,21,3.6416666666666666,0.175
674,12,8,4.916666666666667,0.6666666666666666
675,44,11,3.6363636363636362,0.25
676,11,4,3.5454545454545454,0.36363636363636365
677,261,27,4.095785440613027,0.10344827586206896
678,57,14,3.5789473684210527,0.24561403508771928
679,4,1,4.25,0.25
680,5,2,3.4,0.4
681,113,14,3.8672566371681416,0.12389380530973451
682,457,43,3.7680525164113785,0.09409190371991247
683,1,0,4.0,0.0
684,61,14,4.049180327868853,0.22950819672131148
685,69,5,4.695652173913044,0.07246376811594203
686,74,10,4.22972972972973,0.13513513513513514
687,23,6,4.260869565217392,0.2608695652173913
688,130,25,3.769230769230769,0.19230769230769232
689,64,31,4.46875,0.484375
690,37,8,4.54054054054054,0.21621621621621623
691,7,2,4.285714285714286,0.2857142857142857
692,103,22,4.12621359223301,0.21359223300970873
693,9,0,3.5555555555555554,0.0
694,14,3,4.714285714285714,0.21428571428571427
695,1,1,1.0,1.0
696,17,3,4.647058823529412,0.17647058823529413
697,49,8,4.285714285714286,0.16326530612244897
698,26,4,3.0384615384615383,0.15384615384615385
699,43,6,4.325581395348837,0.13953488372093023
700,3,1,4.666666666666667,0.3333333333333333
701,20,10,3.45,0.5
702,337,50,4.008902077151335,0.14836795252225518
703,225,17,4.044444444444444,0.07555555555555556
704,39,24,4.205128205128205,0.6153846153846154
705,134,51,3.8134328358208953,0.3805970149253731
706,44,14,3.840909090909091,0.3181818181818182
707,35,12,3.5428571428571427,0.34285714285714286
708,614,94,4.171009771986971,0.15309446254071662
709,9,0,2.5555555555555554,0.0
710,400,56,4.4225,0.14
711,10,7,4.1,0.7
712,111,22,4.18018018018018,0.1981981981981982
713,35,5,3.8285714285714287,0.14285714285714285
714,2,0,2.5,0.0
715,9,1,4.111111111111111,0.1111111111111111
716,825,80,4.178181818181818,0.09696969696969697
717,187,18,4.331550802139038,0.0962566844919786
718,4,2,4.5,0.5
719,59,17,4.559322033898305,0.288135593220339
720,96,27,2.6875,0.28125
721,2,1,5.0,0.5
722,32,15,3.375,0.46875
723,11,0,3.3636363636363638,0.0
724,7,3,2.142857142857143,0.42857142857142855
725,20,1,3.95,0.05
726,13,4,3.3846153846153846,0.3076923076923077
727,11,0,4.636363636363637,0.0
728,70,14,2.9857142857142858,0.2
729,3,1,4.333333333333333,0.3333333333333333
730,96,20,4.229166666666667,0.20833333333333334
731,254,25,4.28740157480315,0.0984251968503937
732,1,0,1.0,0.0
733,38,7,4.2894736842105265,0.18421052631578946
734,43,24,3.302325581395349,0.5581395348837209
735,12,5,3.4166666666666665,0.4166666666666667
736,552,63,3.9420289855072466,0.11413043478260869
737,12,2,1.75,0.16666666666666666
738,45,3,4.044444444444444,0.06666666666666667
739,30,9,3.9,0.3
740,11,0,4.818181818181818,0.0
741,16,4,2.8125,0.25
742,14,3,3.857142857142857,0.21428571428571427
743,1,0,1.0,0.0
744,5,3,3.8,0.6
745,132,16,4.143939393939394,0.12121212121212122
746,1,0,4.0,0.0
747,103,45,3.116504854368932,0.4368932038834951
748,296,28,3.85472972972973,0.0945945945945946
749,5,2,3.8,0.4
750,4,1,3.75,0.25
751,16,2,4.875,0.125
752,6,5,3.0,0.8333333333333334
753,2,0,4.5,0.0
754,125,38,3.864,0.304
755,4,2,3.25,0.5
756,95,26,3.2736842105263158,0.2736842105263158
757,98,10,4.204081632653061,0.10204081632653061
758,2,0,5.0,0.0
759,336,20,4.273809523809524,0.05952380952380952
760,6,0,4.166666666666667,0.0
761,6,3,4.333333333333333,0.5
762,47,6,4.468085106382978,0.1276595744680851
763,273,43,3.7985347985347984,0.1575091575091575
764,50,9,4.38,0.18
765,1,0,5.0,0.0
766,183,43,3.9672131147540983,0.23497267759562843
767,6,0,3.8333333333333335,0.0
768,5,1,4.4,0.2
769,1,1,5.0,1.0
770,23,4,3.4782608695652173,0.17391304347826086
771,212,23,4.070754716981132,0.10849056603773585
772,3,1,3.3333333333333335,0.3333333333333333
773,56,6,3.7857142857142856,0.10714285714285714
774,23,9,4.173913043478261,0.391304347826087
775,2,0,1.5,0.0
776,71,18,3.0422535211267605,0.2535211267605634
777,420,42,4.104761904761904,0.1
778,96,14,4.239583333333333,0.14583333333333334
779,167,34,3.311377245508982,0.20359281437125748
780,146,26,3.4246575342465753,0.1780821917808219
781,246,9,3.8658536585365852,0.036585365853658534
782,100,26,3.32,0.26
783,105,18,4.438095238095238,0.17142857142857143
784,34,6,3.7941176470588234,0.17647058823529413
785,7,0,2.4285714285714284,0.0
786,1,1,4.0,1.0
787,31,8,3.225806451612903,0.25806451612903225
788,87,42,2.7011494252873565,0.4827586206896552
789,1,0,4.0,0.0
790,98,10,4.112244897959184,0.10204081632653061
791,19,5,3.526315789473684,0.2631578947368421
792,2,0,3.0,0.0
793,7,3,3.5714285714285716,0.42857142857142855
794,42,16,2.857142857142857,0.38095238095238093
795,12,3,4.25,0.25
796,77,20,3.311688311688312,0.2597402597402597
797,583,63,3.4922813036020584,0.10806174957118353
798,9,0,5.0,0.0
799,8,1,4.125,0.125
800,71,19,3.3380281690140845,0.2676056338028169
801,1,0,4.0,0.0
802,44,8,3.3181818181818183,0.18181818181818182
803,28,12,2.9285714285714284,0.42857142857142855
804,56,6,4.428571428571429,0.10714285714285714
805,4,0,4.25,0.0
806,59,9,3.559322033898305,0.15254237288135594
807,153,25,3.6862745098039214,0.16339869281045752
808,5,1,4.2,0.2
809,85,4,3.929411764705882,0.047058823529411764
810,1,0,3.0,0.0
811,31,5,3.064516129032258,0.16129032258064516
812,1,0,2.0,0.0
813,2,0,3.5,0.0
814,6,4,2.0,0.6666666666666666
815,905,87,4.075138121546962,0.09613259668508287
816,60,11,4.783333333333333,0.18333333333333332
817,540,85,4.111111111111111,0.1574074074074074
818,7,2,3.5714285714285716,0.2857142857142857
819,15,1,4.466666666666667,0.06666666666666667
820,209,21,3.923444976076555,0.10047846889952153
821,44,14,3.6818181818181817,0.3181818181818182
822,621,91,3.966183574879227,0.14653784219001612
823,57,4,4.385964912280702,0.07017543859649122
824,4,1,4.5,0.25
825,274,26,3.937956204379562,0.0948905109489051
826,26,7,3.3076923076923075,0.2692307692307692
827,6,1,5.0,0.16666666666666666
828,2943,362,3.7200135915732244,0.12300373768263677
829,93,21,4.096774193548387,0.22580645161290322
830,12,5,2.0833333333333335,0.4166666666666667
831,11,3,4.090909090909091,0.2727272727272727
832,217,55,3.3963133640552994,0.2534562211981567
833,4,1,2.75,0.25
834,2,1,5.0,0.5
835,9,0,4.777777777777778,0.0
836,5,1,3.8,0.2
837,37,14,4.027027027027027,0.3783783783783784
838,127,4,3.9291338582677167,0.031496062992125984
839,524,51,3.5076335877862594,0.09732824427480916
840,5,0,4.2,0.0
841,99,10,4.414141414141414,0.10101010101010101
842,289,23,4.325259515570934,0.07958477508650519
843,1,0,1.0,0.0
844,57,9,3.824561403508772,0.15789473684210525
845,5,4,4.0,0.8
846,73,13,4.328767123287672,0.1780821917808219
847,18,3,3.4444444444444446,0.16666666666666666
848,249,17,3.78714859437751,0.06827309236947791
849,6,3,1.8333333333333333,0.5
850,1,0,5.0,0.0
851,4,0,4.0,0.0
852,12,4,3.1666666666666665,0.3333333333333333
853,5,1,2.2,0.2
854,35,3,4.371428571428571,0.08571428571428572
855,254,61,3.594488188976378,0.24015748031496062
856,2,1,4.5,0.5
857,32,8,2.09375,0.25
858,7,0,2.142857142857143,0.0
859,259,13,3.891891891891892,0.05019305019305019
860,31,0,3.870967741935484,0.0
861,8,1,2.5,0.125
862,8,1,2.875,0.125
863,905,46,4.030939226519337,0.05082872928176796
864,3,0,2.6666666666666665,0.0
865,2,1,4.0,0.5
866,2,1,5.0,0.5
867,153,27,4.300653594771242,0.17647058823529413
868,80,23,2.575,0.2875
869,3,2,2.3333333333333335,0.6666666666666666
870,61,6,4.147540983606557,0.09836065573770492
871,1,0,4.0,0.0
872,34,14,3.7058823529411766,0.4117647058823529
873,3,3,2.6666666666666665,1.0
874,236,49,3.555084745762712,0.2076271186440678
875,12,0,3.6666666666666665,0.0
876,27,2,2.6666666666666665,0.07407407407407407
877,1,1,1.0,1.0
878,5,0,4.0,0.0
879,18,0,3.3333333333333335,0.0
880,2,0,1.5,0.0
881,64,11,4.03125,0.171875
882,15,6,3.933333333333333,0.4
883,623,76,3.971107544141252,0.12199036918138041
884,3,1,3.3333333333333335,0.3333333333333333
885,1,1,5.0,1.0
886,62,17,3.338709677419355,0.27419354838709675
887,13,5,2.6923076923076925,0.38461538461538464
888,47,8,3.9148936170212765,0.1702127659574468
889,211,22,4.004739336492891,0.10426540284360189
890,1,1,5.0,1.0
891,51,3,3.843137254901961,0.058823529411764705
892,1373,110,3.931536780772032,0.08011653313911143
893,7,0,4.714285714285714,0.0
894,112,26,3.044642857142857,0.23214285714285715
895,11,4,3.090909090909091,0.36363636363636365
896,1,0,5.0,0.0
897,25,6,4.08,0.24
898,126,38,4.2063492063492065,0.30158730158730157
899,803,202,3.978829389788294,0.25155666251556663
900,2,1,3.0,0.5
901,27,9,3.888888888888889,0.3333333333333333
902,82,5,4.378048780487805,0.06097560975609756
903,189,17,4.216931216931217,0.08994708994708994
904,27,8,3.888888888888889,0.2962962962962963
905,24,6,4.25,0.25
906,28,4,4.178571428571429,0.14285714285714285
907,12,1,2.9166666666666665,0.08333333333333333
908,9,1,3.888888888888889,0.1111111111111111
909,4,1,4.25,0.25
910,23,2,3.4347826086956523,0.08695652173913043
911,21,2,4.571428571428571,0.09523809523809523
912,4,0,4.0,0.0
913,35,14,3.0285714285714285,0.4
914,21,2,3.9523809523809526,0.09523809523809523
915,5,0,4.2,0.0
916,35,7,3.1142857142857143,0.2
917,6,0,2.5,0.0
918,5,0,3.0,0.0
919,104,18,3.548076923076923,0.17307692307692307
920,422,36,3.9502369668246446,0.08530805687203792
921,62,2,4.112903225806452,0.03225806451612903
922,164,18,4.298780487804878,0.10975609756097561
923,65,6,4.907692307692308,0.09230769230769231
924,337,41,3.655786350148368,0.12166172106824925
925,8,3,3.25,0.375
926,37,8,3.108108108108108,0.21621621621621623
927,65,10,3.6153846153846154,0.15384615384615385
928,15,4,4.2,0.26666666666666666
929,10,3,3.6,0.3
930,22,3,3.1818181818181817,0.13636363636363635
931,2,0,5.0,0.0
932,10,10,4.2,1.0
933,23,1,3.217391304347826,0.043478260869565216
934,264,31,4.026515151515151,0.11742424242424243
935,68,11,4.794117647058823,0.16176470588235295
936,28,2,4.392857142857143,0.07142857142857142
937,2,0,4.0,0.0
938,1,0,1.0,0.0
939,3,0,3.0,0.0
940,1088,120,3.978860294117647,0.11029411764705882
941,12,3,3.25,0.25
942,201,16,4.338308457711443,0.07960199004975124
943,1,0,4.0,0.0
944,188,56,2.49468085106383,0.2978723404255319
945,194,48,3.7268041237113403,0.24742268041237114
946,62,6,4.403225806451613,0.0967741935483871
947,140,21,4.435714285714286,0.15
948,12,4,4.833333333333333,0.3333333333333333
949,122,25,3.5655737704918034,0.20491803278688525
950,39,12,4.589743589743589,0.3076923076923077
951,1,1,4.0,1.0
952,18,8,2.3333333333333335,0.4444444444444444
953,10,4,3.3,0.4
954,61,13,2.9508196721311477,0.21311475409836064
955,3,2,3.0,0.6666666666666666
956,69,4,4.101449275362318,0.057971014492753624
957,274,35,4.295620437956204,0.12773722627737227
958,416,33,3.5288461538461537,0.07932692307692307
959,18,11,3.3333333333333335,0.6111111111111112
960,8,1,3.25,0.125
961,147,50,3.2653061224489797,0.3401360544217687
962,2,1,5.0,0.5
963,541,53,3.8613678373382623,0.09796672828096119
964,19,4,4.7368421052631575,0.21052631578947367
965,69,35,3.0,0.5072463768115942
966,555,97,3.4018018018018017,0.17477477477477477
967,158,19,3.7974683544303796,0.12025316455696203
968,23,1,4.6521739130434785,0.043478260869565216
969,6,2,3.1666666666666665,0.3333333333333333
970,310,34,4.2064516129032254,0.10967741935483871
971,4,0,4.25,0.0
972,10,2,5.0,0.2
973,820,44,3.9158536585365855,0.05365853658536585
974,62,10,3.0806451612903225,0.16129032258064516
975,1,0,1.0,0.0
976,2,0,4.5,0.0
977,39,1,4.564102564102564,0.02564102564102564
978,1,0,5.0,0.0
979,45,3,4.311111111111111,0.06666666666666667
980,1,0,5.0,0.0
981,2,1,4.5,0.5
982,3,0,4.333333333333333,0.0
983,188,23,4.292553191489362,0.12234042553191489
984,9,2,2.7777777777777777,0.2222222222222222
985,277,33,4.184115523465704,0.11913357400722022
986,2,0,3.5,0.0
987,4,1,3.25,0.25
988,42,2,4.595238095238095,0.047619047619047616
989,24,2,2.2916666666666665,0.08333333333333333
990,2,0,4.0,0.0
991,36,8,3.111111111111111,0.2222222222222222
992,8,2,3.75,0.25
993,7,1,3.142857142857143,0.14285714285714285
994,84,20,3.011904761904762,0.23809523809523808
995,43,9,3.883720930232558,0.20930232558139536
996,11,3,3.272727272727273,0.2727272727272727
997,7,2,5.0,0.2857142857142857
998,18,2,3.7777777777777777,0.1111111111111111
999,45,5,4.777777777777778,0.1111111111111111
1000,116,28,3.0689655172413794,0.2413793103448276
1001,459,55,3.762527233115468,0.11982570806100218
1002,52,5,3.9615384615384617,0.09615384615384616
1003,6,3,1.5,0.5
1004,86,49,2.372093023255814,0.5697674418604651
1005,271,36,3.8154981549815496,0.13284132841328414
1006,264,17,4.276515151515151,0.06439393939393939
1007,2,0,2.0,0.0
1008,62,12,3.7580645161290325,0.1935483870967742
1009,1,0,4.0,0.0
1010,27,4,3.3333333333333335,0.14814814814814814
1011,1,1,4.0,1.0
1012,352,41,3.946022727272727,0.11647727272727272
1013,107,11,3.588785046728972,0.102803738317757
1014,106,19,4.0,0.1792452830188679
1015,51,5,3.3137254901960786,0.09803921568627451
1016,2,0,1.0,0.0
1017,121,23,3.652892561983471,0.19008264462809918
1018,542,59,4.357933579335794,0.1088560885608856
1019,7,2,2.5714285714285716,0.2857142857142857
1020,122,17,4.221311475409836,0.13934426229508196
1021,72,12,4.208333333333333,0.16666666666666666
1022,60,18,3.4166666666666665,0.3
1023,51,36,3.0784313725490198,0.7058823529411765
1024,109,14,4.055045871559633,0.12844036697247707
1025,18,2,4.833333333333333,0.1111111111111111
1026,334,36,4.095808383233533,0.10778443113772455
1027,55,14,3.2545454545454544,0.2545454545454545
1028,9,0,4.0,0.0
1029,152,20,4.065789473684211,0.13157894736842105
1030,24,4,4.166666666666667,0.16666666666666666
1031,373,43,3.806970509383378,0.11528150134048257
1032,30,3,4.833333333333333,0.1
1033,78,8,4.628205128205129,0.10256410256410256
1034,37,31,4.297297297297297,0.8378378378378378
1035,733,58,4.094133697135061,0.0791268758526603
1036,21,9,3.380952380952381,0.42857142857142855
1037,72,8,4.416666666666667,0.1111111111111111
1038,308,71,4.016233766233766,0.2305194805194805
1039,24,6,3.25,0.25
1040,4,0,1.5,0.0
1041,52,9,3.923076923076923,0.17307692307692307
1042,18,5,4.0,0.2777777777777778
1043,24,16,4.416666666666667,0.6666666666666666
1044,35,7,4.057142857142857,0.2
1045,14,6,4.357142857142857,0.42857142857142855
1046,7,1,3.7142857142857144,0.14285714285714285
1047,306,42,3.4215686274509802,0.13725490196078433
1048,336,39,3.8125,0.11607142857142858
1049,34,9,3.5588235294117645,0.2647058823529412
1050,225,20,3.897777777777778,0.08888888888888889
1051,12,5,2.8333333333333335,0.4166666666666667
1052,534,30,4.022471910112359,0.056179775280898875
1053,9,1,3.5555555555555554,0.1111111111111111
1054,10,9,3.9,0.9
1055,78,14,3.08974358974359,0.1794871794871795
1056,3,0,2.0,0.0
1057,1,1,1.0,1.0
1058,175,31,3.92,0.17714285714285713
1059,15,4,3.933333333333333,0.26666666666666666
1060,241,52,3.966804979253112,0.2157676348547718
1061,4,1,2.5,0.25
1062,24,6,3.875,0.25
1063,97,44,3.9278350515463916,0.4536082474226804
1064,324,37,3.7623456790123457,0.11419753086419752
1065,35,9,3.085714285714286,0.2571428571428571
1066,25,8,4.64,0.32
1067,120,14,4.408333333333333,0.11666666666666667
1068,11,5,4.2727272727272725,0.45454545454545453
1069,102,21,4.068627450980392,0.20588235294117646
1070,38,11,3.973684210526316,0.2894736842105263
1071,22,0,4.863636363636363,0.0
1072,1,0,1.0,0.0
1073,70,4,4.485714285714286,0.05714285714285714
1074,27,9,4.777777777777778,0.3333333333333333
1075,70,12,4.442857142857143,0.17142857142857143
1076,8,0,4.75,0.0
1077,135,13,4.0,0.0962962962962963
1078,1,0,3.0,0.0
1079,2,0,3.0,0.0
1080,21,7,3.3333333333333335,0.3333333333333333
1081,38,11,2.0789473684210527,0.2894736842105263
1082,7,0,3.857142857142857,0.0
1083,49,5,3.6122448979591835,0.10204081632653061
1084,140,23,3.1785714285714284,0.16428571428571428
1085,123,10,4.829268292682927,0.08130081300813008
1086,179,40,4.307262569832402,0.22346368715083798
1087,214,29,3.850467289719626,0.13551401869158877
1088,10,3,3.3,0.3
1089,106,5,4.39622641509434,0.04716981132075472
1090,23,6,4.695652173913044,0.2608695652173913
1091,281,57,3.316725978647687,0.20284697508896798
1092,102,12,3.519607843137255,0.11764705882352941
1093,145,16,4.496551724137931,0.1103448275862069
1094,3,0,2.3333333333333335,0.0
1095,48,10,3.0833333333333335,0.20833333333333334
1096,49,17,4.408163265306122,0.3469387755102041
1097,91,4,4.2967032967032965,0.04395604395604396
1098,4,1,3.25,0.25
1099,552,80,4.34963768115942,0.14492753623188406
1100,176,47,3.125,0.26704545454545453
1101,194,20,3.8917525773195876,0.10309278350515463
1102,1,1,5.0,1.0
1103,9,1,2.6666666666666665,0.1111111111111111
1104,4,1,4.0,0.25
1105,3,1,4.333333333333333,0.3333333333333333
1106,7,3,4.0,0.42857142857142855
1107,102,27,3.5,0.2647058823529412
1108,2,0,4.0,0.0
1109,24,4,3.2916666666666665,0.16666666666666666
1110,133,84,3.2781954887218046,0.631578947368421
1111,52,17,2.576923076923077,0.3269230769230769
1112,1,0,4.0,0.0
1113,15,6,4.066666666666666,0.4
1114,536,55,3.542910447761194,0.10261194029850747
1115,28,9,3.5,0.32142857142857145
1116,7,2,4.428571428571429,0.2857142857142857
1117,6,2,4.166666666666667,0.3333333333333333
1118,5,0,1.8,0.0
1119,78,17,3.9871794871794872,0.21794871794871795
1120,21,3,4.285714285714286,0.14285714285714285
1121,356,29,3.7724719101123596,0.08146067415730338
1122,14,2,4.214285714285714,0.14285714285714285
1123,840,71,3.9,0.08452380952380953
1124,5,0,4.0,0.0
1125,31,8,3.3225806451612905,0.25806451612903225
1126,2,0,4.0,0.0
1127,28,9,3.9642857142857144,0.32142857142857145
1128,17,3,4.647058823529412,0.17647058823529413
1129,192,42,3.1510416666666665,0.21875
1130,33,1,4.151515151515151,0.030303030303030304
1131,4,0,3.75,0.0
1132,142,8,4.401408450704225,0.056338028169014086
1133,48,11,3.6458333333333335,0.22916666666666666
1134,201,32,4.154228855721393,0.15920398009950248
1135,51,16,3.215686274509804,0.3137254901960784
1136,286,22,3.8636363636363638,0.07692307692307693
1137,3,0,3.3333333333333335,0.0
1138,5,2,4.2,0.4
1139,1,0,3.0,0.0
1140,29,4,3.689655172413793,0.13793103448275862
1141,726,79,3.8677685950413223,0.10881542699724518
1142,5,1,2.2,0.2
1143,121,10,3.975206611570248,0.08264462809917356
1144,88,15,3.7045454545454546,0.17045454545454544
1145,4,0,2.0,0.0
1146,40,7,3.975,0.175
1147,6,0,4.5,0.0
1148,342,33,3.7865497076023393,0.09649122807017543
1149,62,10,3.9516129032258065,0.16129032258064516
1150,1,1,5.0,1.0
1151,684,63,3.9210526315789473,0.09210526315789473
1152,101,9,3.9603960396039604,0.0891089108910891
1153,259,26,3.9343629343629343,0.10038610038610038
1154,120,16,3.975,0.13333333333333333
1155,431,78,3.8607888631090486,0.18097447795823665
1156,210,45,4.247619047619048,0.21428571428571427
1157,2,0,1.5,0.0
1158,493,46,3.4807302231237323,0.09330628803245436
1159,99,20,4.141414141414141,0.20202020202020202
1160,6,1,4.666666666666667,0.16666666666666666
1161,8,2,4.25,0.25
1162,8,3,2.875,0.375
1163,17,2,4.0,0.11764705882352941
1164,45,7,4.111111111111111,0.15555555555555556
1165,467,40,4.008565310492505,0.08565310492505353
1166,82,17,3.2804878048780486,0.2073170731707317
1167,1,1,5.0,1.0
1168,1,0,4.0,0.0
1169,5,1,4.0,0.2
1170,8,0,3.375,0.0
1171,1,0,5.0,0.0
1172,226,28,4.212389380530974,0.12389380530973451
1173,27,5,3.888888888888889,0.18518518518518517
1174,26,4,4.076923076923077,0.15384615384615385
1175,133,10,3.962406015037594,0.07518796992481203
1176,1,1,2.0,1.0
1177,6,1,4.0,0.16666666666666666
1178,14,5,3.2857142857142856,0.35714285714285715
1179,319,17,4.344827586206897,0.05329153605015674
1180,43,11,2.604651162790698,0.2558139534883721
1181,53,7,3.0754716981132075,0.1320754716981132
1182,104,12,4.1826923076923075,0.11538461538461539
1183,126,21,4.071428571428571,0.16666666666666666
1184,6,1,3.3333333333333335,0.16666666666666666
1185,72,6,3.861111111111111,0.08333333333333333
1186,41,9,3.5365853658536586,0.21951219512195122
1187,1,0,5.0,0.0
1188,39,16,3.8461538461538463,0.41025641025641024
1189,3,0,3.6666666666666665,0.0
1190,3,1,4.333333333333333,0.3333333333333333
1191,4,0,4.75,0.0
1192,21,5,2.857142857142857,0.23809523809523808
1193,2,0,2.5,0.0
1194,52,17,3.0384615384615383,0.3269230769230769
1195,10,2,3.2,0.2
1196,8,0,4.125,0.0
1197,46,7,3.5869565217391304,0.15217391304347827
1198,3,0,2.6666666666666665,0.0
1199,1623,115,3.8434996919285274,0.07085643869377696
1200,9,0,4.333333333333333,0.0
1201,22,4,4.0,0.18181818181818182
1202,65,6,4.430769230769231,0.09230769230769231
1203,46,7,4.130434782608695,0.15217391304347827
1204,17,3,3.823529411764706,0.17647058823529413
1205,309,23,3.883495145631068,0.0744336569579288
1206,208,31,3.8221153846153846,0.14903846153846154
1207,187,35,4.422459893048129,0.18716577540106952
1208,7,3,4.714285714285714,0.42857142857142855
1209,11,4,2.8181818181818183,0.36363636363636365
1210,18,4,3.6666666666666665,0.2222222222222222
1211,8,3,4.375,0.375
1212,115,37,2.8347826086956522,0.3217391304347826
1213,38,8,3.8157894736842106,0.21052631578947367
1214,618,47,3.773462783171521,0.07605177993527508
1215,5,1,4.8,0.2
1216,167,40,4.041916167664671,0.23952095808383234
1217,1,0,5.0,0.0
1218,8,2,3.625,0.25
1219,120,11,3.125,0.09166666666666666
1220,4,1,3.5,0.25
1221,1,0,1.0,0.0
1222,707,69,3.794908062234795,0.09759547383309759
1223,14,4,3.9285714285714284,0.2857142857142857
1224,613,67,3.66394779771615,0.10929853181076672
1225,7,1,2.2857142857142856,0.14285714285714285
1226,1,1,5.0,1.0
1227,15,11,3.8,0.7333333333333333
1228,37,10,3.108108108108108,0.2702702702702703
1229,2,2,5.0,1.0
1230,19,3,4.315789473684211,0.15789473684210525
1231,3,0,2.6666666666666665,0.0
1232,59,17,3.2033898305084745,0.288135593220339
1233,4,2,2.5,0.5
1234,2,1,5.0,0.5
1235,25,6,3.04,0.24
1236,1,0,5.0,0.0
1237,7,1,3.857142857142857,0.14285714285714285
1238,1,0,1.0,0.0
1239,140,27,2.8214285714285716,0.19285714285714287
1240,108,3,4.185185185185185,0.027777777777777776
1241,437,38,3.8787185354691074,0.08695652173913043
1242,17,4,3.588235294117647,0.23529411764705882
1243,4,0,4.0,0.0
1244,17,3,3.588235294117647,0.17647058823529413
1245,2,0,5.0,0.0
1246,253,42,4.32806324110672,0.16600790513833993
1247,3,0,1.3333333333333333,0.0
1248,11,2,3.0,0.18181818181818182
1249,1,1,5.0,1.0
1250,222,19,4.436936936936937,0.08558558558558559
1251,7,1,4.142857142857143,0.14285714285714285
1252,43,5,4.023255813953488,0.11627906976744186
1253,10,4,3.4,0.4
1254,23,2,4.478260869565218,0.08695652173913043
1255,65,14,3.953846153846154,0.2153846153846154
1256,2,0,2.0,0.0
1257,153,34,4.496732026143791,0.2222222222222222
1258,156,31,3.9166666666666665,0.1987179487179487
1259,66,12,4.166666666666667,0.18181818181818182
1260,178,11,3.842696629213483,0.06179775280898876
1261,43,4,3.2790697674418605,0.09302325581395349
1262,39,22,3.128205128205128,0.5641025641025641
1263,117,12,3.905982905982906,0.10256410256410256
1264,126,25,3.4603174603174605,0.1984126984126984
1265,4,1,4.75,0.25
1266,827,63,3.7980652962515116,0.0761789600967352
1267,10,1,4.3,0.1
1268,98,17,3.061224489795918,0.17346938775510204
1269,218,11,3.908256880733945,0.05045871559633028
1270,3,0,5.0,0.0
1271,35,9,3.2857142857142856,0.2571428571428571
1272,82,5,3.9390243902439024,0.06097560975609756
1273,138,10,4.13768115942029,0.07246376811594203
1274,28,6,4.678571428571429,0.21428571428571427
1275,58,17,3.7758620689655173,0.29310344827586204
1276,589,45,4.079796264855688,0.07640067911714771
1277,11,2,3.909090909090909,0.18181818181818182
1278,5,0,4.0,0.0
1279,523,39,4.128107074569789,0.0745697896749522
1280,6,1,3.3333333333333335,0.16666666666666666
1281,108,7,4.222222222222222,0.06481481481481481
1282,3,0,4.0,0.0
1283,14,4,2.857142857142857,0.2857142857142857
1284,3,2,3.3333333333333335,0.6666666666666666
1285,106,14,2.641509433962264,0.1320754716981132
1286,9,1,4.333333333333333,0.1111111111111111
1287,59,6,4.322033898305085,0.1016949152542373
1288,13,4,3.6153846153846154,0.3076923076923077
1289,254,28,3.374015748031496,0.11023622047244094
1290,20,3,3.95,0.15
1291,185,20,4.372972972972973,0.10810810810810811
1292,1,0,4.0,0.0
1293,67,12,4.82089552238806,0.1791044776119403
1294,24,11,2.625,0.4583333333333333
1295,232,18,3.9008620689655173,0.07758620689655173
1296,113,22,4.336283185840708,0.19469026548672566
1297,176,23,3.335227272727273,0.13068181818181818
1298,1780,192,4.176404494382022,0.10786516853932585
1299,13,2,4.615384615384615,0.15384615384615385
1300,1,0,3.0,0.0
1301,2,1,4.5,0.5
1302,76,2,4.368421052631579,0.02631578947368421
1303,1,0,2.0,0.0
1304,149,25,3.2416107382550337,0.16778523489932887
1305,12,2,3.1666666666666665,0.16666666666666666
1306,1010,109,3.8435643564356434,0.10792079207920792
1307,130,47,3.2384615384615385,0.36153846153846153
1308,8,1,3.25,0.125
1309,7,0,4.142857142857143,0.0
1310,51,8,3.7058823529411766,0.1568627450980392
1311,27,11,3.2962962962962963,0.4074074074074074
1312,35,11,3.7142857142857144,0.3142857142857143
1313,110,29,4.0,0.2636363636363636
1314,5,1,3.2,0.2
1315,3,0,3.6666666666666665,0.0
1316,10,2,3.3,0.2
1317,56,9,4.267857142857143,0.16071428571428573
1318,39,14,3.871794871794872,0.358974358974359
1319,12,3,3.0833333333333335,0.25
1320,22,12,3.3636363636363638,0.5454545454545454
1321,59,18,3.305084745762712,0.3050847457627119
1322,28,9,3.0357142857142856,0.32142857142857145
1323,35,26,3.7142857142857144,0.7428571428571429
1324,16,6,3.625,0.375
1325,167,11,4.425149700598802,0.0658682634730539
1326,9,2,3.4444444444444446,0.2222222222222222
1327,12,2,3.4166666666666665,0.16666666666666666
1328,132,29,3.8106060606060606,0.2196969696969697
1329,5,2,3.8,0.4
1330,34,10,4.205882352941177,0.29411764705882354
1331,1,0,1.0,0.0
1332,67,11,3.4029850746268657,0.16417910447761194
1333,78,11,4.641025641025641,0.14102564102564102
1334,63,14,3.0634920634920637,0.2222222222222222
1335,26,6,3.1153846153846154,0.23076923076923078
1336,2,0,2.5,0.0
1337,29,5,4.310344827586207,0.1724137931034483
1338,243,25,3.876543209876543,0.102880658436214
1339,324,29,4.432098765432099,0.08950617283950617
1340,1165,109,4.263519313304721,0.09356223175965665
1341,1958,101,3.9371807967313583,0.05158324821246169
1342,163,11,4.098159509202454,0.06748466257668712
1343,297,14,4.127946127946128,0.04713804713804714
1344,102,43,3.323529411764706,0.4215686274509804
1345,545,65,4.546788990825688,0.11926605504587157
1346,90,26,3.7888888888888888,0.28888888888888886
1347,4,0,3.75,0.0
1348,268,41,3.9402985074626864,0.15298507462686567
1349,106,19,3.8679245283018866,0.1792452830188679
1350,7,2,2.7142857142857144,0.2857142857142857
1351,244,20,3.9221311475409837,0.08196721311475409
1352,24,5,3.7083333333333335,0.20833333333333334
1353,126,15,4.063492063492063,0.11904761904761904
1354,74,15,3.554054054054054,0.20270270270270271
1355,105,19,3.580952380952381,0.18095238095238095
1356,38,7,4.473684210526316,0.18421052631578946
1357,18,8,4.555555555555555,0.4444444444444444
1358,88,10,4.056818181818182,0.11363636363636363
1359,165,28,3.587878787878788,0.1696969696969697
1360,893,88,3.8118701007838744,0.09854423292273236
1361,41,6,4.7560975609756095,0.14634146341463414
1362,1,0,4.0,0.0
1363,1,0,4.0,0.0
1364,660,63,3.8287878787878786,0.09545454545454546
1365,210,14,4.042857142857143,0.06666666666666667
1366,17,3,3.3529411764705883,0.17647058823529413
1367,50,1,3.12,0.02
1368,23,16,3.608695652173913,0.6956521739130435
1369,150,26,3.78,0.17333333333333334
1370,1,0,3.0,0.0
1371,11,1,3.909090909090909,0.09090909090909091
1372,36,4,4.194444444444445,0.1111111111111111
1373,16,1,4.4375,0.0625
1374,118,29,3.347457627118644,0.2457627118644068
1375,494,29,4.174089068825911,0.058704453441295545
1376,2,0,3.0,0.0
1377,26,5,4.346153846153846,0.19230769230769232
1378,10,10,4.1,1.0
1379,12,0,4.666666666666667,0.0
1380,145,14,4.275862068965517,0.09655172413793103
1381,30,11,3.466666666666667,0.36666666666666664
1382,36,10,2.888888888888889,0.2777777777777778
1383,29,7,3.8275862068965516,0.2413793103448276
1384,10,0,4.8,0.0
1385,75,24,3.8933333333333335,0.32
1386,6,2,2.6666666666666665,0.3333333333333333
1387,11,3,3.4545454545454546,0.2727272727272727
1388,27,9,4.0,0.3333333333333333
1389,106,7,4.330188679245283,0.0660377358490566
1390,2,0,4.0,0.0
1391,176,19,3.539772727272727,0.10795454545454546
1392,69,12,3.971014492753623,0.17391304347826086
1393,1,1,5.0,1.0
1394,135,27,3.8,0.2
1395,99,29,4.303030303030303,0.29292929292929293
1396,26,3,3.230769230769231,0.11538461538461539
1397,14,1,3.857142857142857,0.07142857142857142
1398,904,93,4.192477876106195,0.10287610619469026
1399,9,0,3.5555555555555554,0.0
1400,21,2,3.380952380952381,0.09523809523809523
1401,1973,411,4.473897617840851,0.20831221490116575
1402,11,2,3.5454545454545454,0.18181818181818182
1403,8,0,4.5,0.0
1404,18,3,4.222222222222222,0.16666666666666666
1405,20,2,4.1,0.1
1406,68,15,3.9705882352941178,0.22058823529411764
1407,38,18,3.736842105263158,0.47368421052631576
1408,49,12,3.1020408163265305,0.24489795918367346
1409,141,20,3.7092198581560285,0.14184397163120568
1410,47,10,3.872340425531915,0.2127659574468085
1411,2,1,4.0,0.5
1412,176,15,4.1875,0.08522727272727272
1413,2,1,5.0,0.5
1414,1,0,3.0,0.0
1415,19,2,3.8947368421052633,0.10526315789473684
1416,418,103,3.9043062200956937,0.24641148325358853
1417,4,0,4.75,0.0
1418,187,23,3.5240641711229945,0.12299465240641712
1419,965,105,4.148186528497409,0.10880829015544041
1420,5,1,2.2,0.2
1421,5,1,3.8,0.2
1422,108,22,3.935185185185185,0.2037037037037037
1423,113,27,3.185840707964602,0.23893805309734514
1424,113,19,3.6991150442477876,0.168141592920354
1425,387,46,3.9302325581395348,0.11886304909560723
1426,102,8,4.372549019607843,0.0784313725490196
1427,9,2,4.0,0.2222222222222222
1428,16,0,4.0,0.0
1429,15,5,2.8666666666666667,0.3333333333333333
1430,4,1,4.75,0.25
1431,486,82,4.211934156378601,0.16872427983539096
1432,71,16,2.9859154929577465,0.22535211267605634
1433,1240,115,3.8806451612903228,0.09274193548387097
1434,47,3,4.595744680851064,0.06382978723404255
1435,8,3,4.875,0.375
1436,98,9,4.122448979591836,0.09183673469387756
1437,275,32,3.5490909090909093,0.11636363636363636
1438,2,0,2.5,0.0
1439,46,10,3.9565217391304346,0.21739130434782608
1440,5,1,5.0,0.2
1441,415,34,4.192771084337349,0.0819277108433735
1442,4,2,3.75,0.5
1443,30,10,3.7333333333333334,0.3333333333333333
1444,2,0,3.5,0.0
1445,230,18,3.9695652173913043,0.0782608695652174
1446,5,2,3.8,0.4
1447,72,4,3.8472222222222223,0.05555555555555555
1448,1,0,5.0,0.0
1449,17,3,4.176470588235294,0.17647058823529413
1450,56,13,3.9285714285714284,0.23214285714285715
1451,10,6,3.9,0.6
1452,31,24,2.5483870967741935,0.7741935483870968
1453,65,17,4.769230769230769,0.26153846153846155
1454,95,10,4.189473684210526,0.10526315789473684
1455,19,5,3.0526315789473686,0.2631578947368421
1456,2,0,1.5,0.0
1457,569,54,3.8172231985940246,0.09490333919156414
1458,47,3,3.9361702127659575,0.06382978723404255
1459,4,0,1.25,0.0
1460,7,1,3.857142857142857,0.14285714285714285
1461,1,0,5.0,0.0
1462,1,1,5.0,1.0
1463,14,10,3.857142857142857,0.7142857142857143
1464,67,4,4.104477611940299,0.05970149253731343
1465,19,5,3.8947368421052633,0.2631578947368421
1466,1,0,4.0,0.0
1467,24,11,3.8333333333333335,0.4583333333333333
1468,14,0,3.2857142857142856,0.0
1469,2,0,4.0,0.0
1470,8,3,2.375,0.375
1471,369,23,3.907859078590786,0.06233062330623306
1472,247,36,3.6437246963562755,0.145748987854251
1473,251,15,4.163346613545817,0.05976095617529881
1474,2,0,4.5,0.0
1475,2,1,4.5,0.5
1476,9,1,1.8888888888888888,0.1111111111111111
1477,6,0,4.5,0.0
1478,43,2,4.441860465116279,0.046511627906976744
1479,37,2,3.7837837837837838,0.05405405405405406
1480,145,16,3.4827586206896552,0.1103448275862069
1481,46,9,3.152173913043478,0.1956521739130435
1482,150,21,4.3133333333333335,0.14
1483,17,3,3.8823529411764706,0.17647058823529413
1484,11,1,2.1818181818181817,0.09090909090909091
1485,5,0,4.4,0.0
1486,105,12,3.8095238095238093,0.11428571428571428
1487,5,2,3.0,0.4
1488,248,45,3.754032258064516,0.1814516129032258
1489,58,5,4.068965517241379,0.08620689655172414
1490,6,0,3.0,0.0
1491,2,0,4.5,0.0
1492,455,67,3.4703296703296704,0.14725274725274726
1493,16,7,4.5,0.4375
1494,3,1,4.333333333333333,0.3333333333333333
1495,1,1,4.0,1.0
1496,37,8,2.5675675675675675,0.21621621621621623
1497,29,10,3.2758620689655173,0.3448275862068966
1498,91,64,3.230769230769231,0.7032967032967034
1499,602,62,3.799003322259136,0.10299003322259136
1500,7,2,4.571428571428571,0.2857142857142857
1501,7,2,4.142857142857143,0.2857142857142857
1502,436,36,4.18348623853211,0.08256880733944955
1503,55,1,3.909090909090909,0.01818181818181818
1504,89,3,4.269662921348314,0.033707865168539325
1505,2,2,4.5,1.0
1506,80,5,4.575,0.0625
1507,34,5,4.0,0.14705882352941177
1508,13,6,3.3846153846153846,0.46153846153846156
1509,79,44,3.759493670886076,0.5569620253164557
1510,944,149,4.0423728813559325,0.15783898305084745
1511,36,12,3.8055555555555554,0.3333333333333333
1512,16,3,4.625,0.1875
1513,12,1,3.0833333333333335,0.08333333333333333
1514,231,10,4.268398268398268,0.04329004329004329
1515,4,1,3.75,0.25
1516,72,1,4.472222222222222,0.013888888888888888
1517,8,0,3.0,0.0
1518,9,4,3.7777777777777777,0.4444444444444444
1519,214,22,4.102803738317757,0.102803738317757
1520,75,10,3.56,0.13333333333333333
1521,1,0,5.0,0.0
1522,340,17,4.202941176470588,0.05
1523,238,24,3.991596638655462,0.10084033613445378
1524,21,13,3.4285714285714284,0.6190476190476191
1525,2,0,3.0,0.0
1526,1443,220,3.914760914760915,0.15246015246015246
1527,16,5,3.4375,0.3125
1528,1,1,1.0,1.0
1529,108,8,3.814814814814815,0.07407407407407407
1530,288,32,4.131944444444445,0.1111111111111111
1531,129,9,4.325581395348837,0.06976744186046512
1532,160,26,3.11875,0.1625
1533,2,0,5.0,0.0
1534,528,50,4.418560606060606,0.0946969696969697
1535,567,58,4.477954144620811,0.10229276895943562
1536,932,141,4.434549356223176,0.15128755364806867
1537,13,2,3.230769230769231,0.15384615384615385
1538,26,2,4.038461538461538,0.07692307692307693
1539,20,5,3.6,0.25
1540,1,0,4.0,0.0
1541,344,32,4.0813953488372094,0.09302325581395349
1542,5,2,2.6,0.4
1543,185,20,4.227027027027027,0.10810810810810811
1544,1,1,3.0,1.0
1545,26,11,2.576923076923077,0.4230769230769231
1546,10,1,2.3,0.1
1547,46,9,3.652173913043478,0.1956521739130435
1548,13,1,4.461538461538462,0.07692307692307693
1549,17,8,3.764705882352941,0.47058823529411764
1550,76,21,2.986842105263158,0.27631578947368424
1551,53,29,2.7735849056603774,0.5471698113207547
1552,113,10,3.8230088495575223,0.08849557522123894
1553,62,8,4.032258064516129,0.12903225806451613
1554,9,2,3.5555555555555554,0.2222222222222222
1555,91,19,3.8351648351648353,0.2087912087912088
1556,8,2,2.625,0.25
1557,129,25,3.488372093023256,0.1937984496124031
1558,42,5,4.285714285714286,0.11904761904761904
1559,1,0,5.0,0.0
1560,1,0,4.0,0.0
1561,1,1,2.0,1.0
1562,414,61,3.8115942028985508,0.1473429951690821
1563,40,8,3.875,0.2
1564,20,5,3.7,0.25
1565,1,0,4.0,0.0
1566,2,1,4.0,0.5
1567,26,6,3.9615384615384617,0.23076923076923078
1568,21,2,4.095238095238095,0.09523809523809523
1569,227,81,4.757709251101321,0.3568281938325991
1570,6,0,4.0,0.0
1571,7,1,3.4285714285714284,0.14285714285714285
1572,104,20,3.6826923076923075,0.19230769230769232
1573,1,0,3.0,0.0
1574,1191,138,4.309823677581864,0.11586901763224182
1575,111,25,3.936936936936937,0.22522522522522523
1576,5,0,4.4,0.0
1577,194,30,4.123711340206185,0.15463917525773196
1578,110,17,3.4454545454545453,0.15454545454545454
1579,320,18,3.896875,0.05625
1580,2,1,3.0,0.5
1581,67,6,3.925373134328358,0.08955223880597014
1582,117,31,2.965811965811966,0.26495726495726496
1583,29,3,3.8620689655172415,0.10344827586206896
1584,71,16,3.7464788732394365,0.22535211267605634
1585,1,0,3.0,0.0
1586,235,25,4.212765957446808,0.10638297872340426
1587,8,1,4.0,0.125
1588,2,0,3.5,0.0
1589,26,2,3.576923076923077,0.07692307692307693
1590,14,8,4.285714285714286,0.5714285714285714
1591,211,14,3.971563981042654,0.06635071090047394
1592,37,8,3.5675675675675675,0.21621621621621623
1593,330,51,3.9060606060606062,0.15454545454545454
1594,84,4,4.011904761904762,0.047619047619047616
1595,39,7,3.5641025641025643,0.1794871794871795
1596,11,0,2.909090909090909,0.0
1597,1911,346,3.8409209837781266,0.18105703819989535
1598,1,0,3.0,0.0
1599,63,13,3.3015873015873014,0.20634920634920634
1600,43,1,4.372093023255814,0.023255813953488372
1601,60,10,3.183333333333333,0.16666666666666666
1602,7,0,4.0,0.0
1603,12,3,2.5,0.25
1604,102,27,3.549019607843137,0.2647058823529412
1605,2,1,3.5,0.5
1606,18,2,4.222222222222222,0.1111111111111111
1607,6,1,4.166666666666667,0.16666666666666666
1608,19,8,4.157894736842105,0.42105263157894735
1609,23,11,4.391304347826087,0.4782608695652174
1610,1,0,3.0,0.0
1611,87,16,4.540229885057471,0.1839080459770115
1612,8,2,2.375,0.25
1613,154,29,3.4025974025974026,0.18831168831168832
1614,38,4,2.9473684210526314,0.10526315789473684
1615,47,3,4.319148936170213,0.06382978723404255
1616,37,5,3.5945945945945947,0.13513513513513514
1617,3,1,1.0,0.3333333333333333
1618,59,20,4.372881355932203,0.3389830508474576
1619,30,3,4.666666666666667,0.1
1620,27,3,4.074074074074074,0.1111111111111111
1621,139,24,3.431654676258993,0.17266187050359713
1622,175,25,3.8857142857142857,0.14285714285714285
1623,13,5,2.4615384615384617,0.38461538461538464
1624,11,4,5.0,0.36363636363636365
1625,229,25,3.903930131004367,0.1091703056768559
1626,15,5,4.533333333333333,0.3333333333333333
1627,3,1,1.6666666666666667,0.3333333333333333
1628,19,6,4.684210526315789,0.3157894736842105
1629,20,5,4.05,0.25
1630,1,0,4.0,0.0
1631,9,1,4.0,0.1111111111111111
1632,13,2,3.3846153846153846,0.15384615384615385
1633,8,3,3.625,0.375
1634,9,1,4.0,0.1111111111111111
1635,301,34,4.332225913621262,0.11295681063122924
1636,75,31,3.56,0.41333333333333333
1637,427,48,4.386416861826698,0.11241217798594848
1638,240,14,3.7916666666666665,0.058333333333333334
1639,36,6,4.25,0.16666666666666666
1640,1,0,3.0,0.0
1641,129,28,3.565891472868217,0.21705426356589147
1642,2,1,5.0,0.5
1643,1,0,3.0,0.0
1644,327,28,3.929663608562691,0.0856269113149847
1645,9,2,4.666666666666667,0.2222222222222222
1646,2,0,1.5,0.0
1647,3,2,4.666666666666667,0.6666666666666666
1648,32,3,3.71875,0.09375
1649,18,4,4.166666666666667,0.2222222222222222
1650,82,11,4.304878048780488,0.13414634146341464
1651,13,2,2.923076923076923,0.15384615384615385
1652,131,27,3.3435114503816794,0.20610687022900764
1653,7,0,3.5714285714285716,0.0
1654,74,7,4.527027027027027,0.0945945945945946
1655,21,11,3.761904761904762,0.5238095238095238
1656,26,7,4.230769230769231,0.2692307692307692
1657,3,0,5.0,0.0
1658,45,24,3.3555555555555556,0.5333333333333333
1659,21,3,4.0476190476190474,0.14285714285714285
1660,10,2,2.8,0.2
1661,39,11,4.615384615384615,0.28205128205128205
1662,115,21,4.008695652173913,0.1826086956521739
1663,2,0,2.5,0.0
1664,9,2,3.888888888888889,0.2222222222222222
1665,10,7,3.9,0.7
1666,29,6,3.8275862068965516,0.20689655172413793
1667,2,1,4.5,0.5
1668,5,1,4.2,0.2
1669,21,12,3.857142857142857,0.5714285714285714
1670,24,5,3.5,0.20833333333333334
1671,48,7,3.8958333333333335,0.14583333333333334
1672,80,22,3.5125,0.275
1673,334,26,3.697604790419162,0.07784431137724551
1674,69,19,3.6666666666666665,0.2753623188405797
1675,247,29,4.3117408906882595,0.11740890688259109
1676,10,4,3.7,0.4
1677,102,15,4.529411764705882,0.14705882352941177
1678,31,2,4.064516129032258,0.06451612903225806
1679,27,2,3.4814814814814814,0.07407407407407407
1680,45,6,4.066666666666666,0.13333333333333333
1681,99,15,4.282828282828283,0.15151515151515152
1682,4,1,4.25,0.25
1683,39,13,2.7435897435897436,0.3333333333333333
1684,9,1,3.4444444444444446,0.1111111111111111
1685,133,30,4.533834586466165,0.22556390977443608
1686,2,0,3.0,0.0
1687,19,2,3.8421052631578947,0.10526315789473684
1688,23,7,3.0434782608695654,0.30434782608695654
1689,23,4,4.826086956521739,0.17391304347826086
1690,155,20,3.967741935483871,0.12903225806451613
1691,7,1,3.857142857142857,0.14285714285714285
1692,9,2,4.111111111111111,0.2222222222222222
1693,57,14,3.245614035087719,0.24561403508771928
1694,32,23,3.5,0.71875
1695,19,7,2.8947368421052633,0.3684210526315789
1696,116,19,4.025862068965517,0.16379310344827586
1697,16,2,3.8125,0.125
1698,9,5,3.5555555555555554,0.5555555555555556
1699,9,1,3.2222222222222223,0.1111111111111111
1700,1108,122,3.9332129963898916,0.11010830324909747
1701,803,63,3.9663760896637608,0.0784557907845579
1702,1,0,1.0,0.0
1703,19,6,3.3157894736842106,0.3157894736842105
1704,24,2,3.6666666666666665,0.08333333333333333
1705,97,16,3.9072164948453607,0.16494845360824742
1706,35,9,2.942857142857143,0.2571428571428571
1707,1,0,1.0,0.0
1708,134,19,4.529850746268656,0.1417910447761194
1709,226,38,3.225663716814159,0.168141592920354
1710,84,7,4.273809523809524,0.08333333333333333
1711,42,3,4.285714285714286,0.07142857142857142
1712,13,4,3.923076923076923,0.3076923076923077
1713,3,1,2.3333333333333335,0.3333333333333333
1714,6,2,2.3333333333333335,0.3333333333333333
1715,2,1,2.5,0.5
1716,324,28,3.984567901234568,0.08641975308641975
1717,6,3,3.8333333333333335,0.5
1718,46,6,3.5652173913043477,0.13043478260869565
1719,88,11,4.3977272727272725,0.125
1720,4,1,2.25,0.25
1721,570,106,3.83859649122807,0.18596491228070175
1722,3,2,4.666666666666667,0.6666666666666666
1723,66,10,4.333333333333333,0.15151515151515152
1724,92,7,4.25,0.07608695652173914
1725,177,31,4.033898305084746,0.1751412429378531
1726,5,1,3.4,0.2
1727,35,7,3.4,0.2
1728,18,4,3.6666666666666665,0.2222222222222222
1729,16,3,3.25,0.1875
1730,1,0,5.0,0.0
1731,200,40,3.59,0.2
1732,9,1,4.888888888888889,0.1111111111111111
1733,286,40,3.111888111888112,0.13986013986013987
1734,97,18,3.422680412371134,0.18556701030927836
1735,334,53,3.7275449101796405,0.15868263473053892
1736,75,1,4.093333333333334,0.013333333333333334
1737,5,0,3.8,0.0
1738,1,0,1.0,0.0
1739,32,12,3.0,0.375
1740,6,3,4.333333333333333,0.5
1741,9,0,1.1111111111111112,0.0
1742,17,2,3.2941176470588234,0.11764705882352941
1743,56,23,2.5357142857142856,0.4107142857142857
1744,20,3,3.3,0.15
1745,27,5,2.962962962962963,0.18518518518518517
1746,237,22,3.8987341772151898,0.09282700421940929
1747,2,1,3.0,0.5
1748,59,14,4.203389830508475,0.23728813559322035
1749,11,4,3.909090909090909,0.36363636363636365
1750,21,11,2.238095238095238,0.5238095238095238
1751,14,8,2.4285714285714284,0.5714285714285714
1752,3,0,2.3333333333333335,0.0
1753,43,10,4.1395348837209305,0.23255813953488372
1754,5,1,4.8,0.2
1755,125,10,4.28,0.08
1756,131,13,3.8625954198473282,0.09923664122137404
1757,36,11,3.0277777777777777,0.3055555555555556
1758,28,6,3.7857142857142856,0.21428571428571427
1759,38,4,2.3421052631578947,0.10526315789473684
1760,2,0,5.0,0.0
1761,983,57,3.955239064089522,0.05798575788402848
1762,47,11,2.5531914893617023,0.23404255319148937
1763,523,37,4.040152963671128,0.07074569789674952
1764,3,1,3.3333333333333335,0.3333333333333333
1765,12,3,4.333333333333333,0.25
1766,37,5,4.756756756756757,0.13513513513513514
1767,84,11,3.857142857142857,0.13095238095238096
1768,30,6,4.033333333333333,0.2
1769,9,4,1.4444444444444444,0.4444444444444444
1770,425,46,3.8658823529411763,0.10823529411764705
1771,1,0,4.0,0.0
1772,424,32,4.304245283018868,0.07547169811320754
1773,81,30,3.5185185185185186,0.37037037037037035
1774,101,20,3.613861386138614,0.19801980198019803
1775,993,114,4.187311178247734,0.1148036253776435
1776,1,0,1.0,0.0
1777,2,1,4.0,0.5
1778,72,27,2.388888888888889,0.375
1779,19,6,3.210526315789474,0.3157894736842105
1780,572,41,3.882867132867133,0.07167832167832168
1781,64,9,3.921875,0.140625
1782,10,3,4.1,0.3
1783,1,0,4.0,0.0
1784,185,42,3.67027027027027,0.22702702702702704
1785,1,0,5.0,0.0
1786,17,2,3.764705882352941,0.11764705882352941
1787,28,10,3.357142857142857,0.35714285714285715
1788,10,7,3.8,0.7
1789,5,1,4.0,0.2
1790,72,8,3.888888888888889,0.1111111111111111
1791,3,0,4.666666666666667,0.0
1792,28,6,4.642857142857143,0.21428571428571427
1793,26,4,2.8461538461538463,0.15384615384615385
1794,24,1,4.25,0.041666666666666664
1795,16,9,4.6875,0.5625
1796,15,3,3.3333333333333335,0.2
1797,15,6,3.4,0.4
1798,717,66,4.054393305439331,0.09205020920502092
1799,135,20,4.118518518518519,0.14814814814814814
1800,93,23,3.086021505376344,0.24731182795698925
1801,414,27,4.260869565217392,0.06521739130434782
1802,3,2,4.666666666666667,0.6666666666666666
1803,12,3,2.75,0.25
1804,2,1,5.0,0.5
1805,1,0,1.0,0.0
1806,1,0,3.0,0.0
1807,39,2,4.333333333333333,0.05128205128205128
1808,34,8,4.088235294117647,0.23529411764705882
1809,1387,93,4.3590483056957465,0.06705118961788031
1810,6,1,3.8333333333333335,0.16666666666666666
1811,37,2,3.7027027027027026,0.05405405405405406
1812,51,7,4.411764705882353,0.13725490196078433
1813,13,9,3.8461538461538463,0.6923076923076923
1814,2183,351,3.767292716445259,0.16078790655061842
1815,351,56,3.5413105413105415,0.15954415954415954
1816,36,4,4.111111111111111,0.1111111111111111
1817,8,2,3.625,0.25
1818,180,28,3.933333333333333,0.15555555555555556
1819,192,32,4.140625,0.16666666666666666
1820,1,0,3.0,0.0
1821,39,4,4.435897435897436,0.10256410256410256
1822,20,5,2.45,0.25
1823,35,13,3.142857142857143,0.37142857142857144
1824,1,0,5.0,0.0
1825,87,43,4.758620689655173,0.4942528735632184
1826,223,38,3.681614349775785,0.17040358744394618
1827,170,20,3.735294117647059,0.11764705882352941
1828,8,2,3.0,0.25
1829,7,2,2.142857142857143,0.2857142857142857
1830,519,29,4.146435452793834,0.055876685934489405
1831,12,5,4.166666666666667,0.4166666666666667
1832,94,14,3.9680851063829787,0.14893617021276595
1833,1,0,3.0,0.0
1834,6,3,2.3333333333333335,0.5
1835,82,17,3.7439024390243905,0.2073170731707317
1836,83,6,4.385542168674699,0.07228915662650602
1837,9,2,2.888888888888889,0.2222222222222222
1838,3,0,3.3333333333333335,0.0
1839,8,5,3.75,0.625
1840,12,2,3.0,0.16666666666666666
1841,63,25,2.9047619047619047,0.3968253968253968
1842,15,9,4.6,0.6
1843,79,13,3.1012658227848102,0.16455696202531644
1844,20,6,4.3,0.3
1845,17,2,2.823529411764706,0.11764705882352941
1846,15,4,3.466666666666667,0.26666666666666666
1847,183,12,4.103825136612022,0.06557377049180328
1848,1116,51,3.8512544802867383,0.0456989247311828
1849,104,21,3.0384615384615383,0.20192307692307693
1850,293,19,4.3174061433447095,0.06484641638225255
1851,2,0,4.0,0.0
1852,2,1,3.5,0.5
1853,71,19,3.1267605633802815,0.2676056338028169
1854,114,34,4.192982456140351,0.2982456140350877
1855,33,5,4.333333333333333,0.15151515151515152
1856,812,106,3.396551724137931,0.13054187192118227
1857,397,30,3.8161209068010074,0.07556675062972293
1858,108,14,3.962962962962963,0.12962962962962962
1859,2158,249,3.515755329008341,0.11538461538461539
1860,132,8,4.128787878787879,0.06060606060606061
1861,7,2,3.857142857142857,0.2857142857142857
1862,2,0,5.0,0.0
1863,2,1,3.5,0.5
1864,13,3,3.3076923076923075,0.23076923076923078
1865,73,9,3.808219178082192,0.1232876712328767
1866,2,0,2.5,0.0
1867,4,0,3.75,0.0
1868,34,3,3.5588235294117645,0.08823529411764706
1869,10,2,3.4,0.2
1870,97,7,4.010309278350515,0.07216494845360824
1871,3,0,4.333333333333333,0.0
1872,107,3,3.878504672897196,0.028037383177570093
1873,14,1,3.7142857142857144,0.07142857142857142
1874,350,26,4.04,0.07428571428571429
1875,16,2,4.875,0.125
1876,259,19,4.05019305019305,0.07335907335907337
1877,49,5,4.530612244897959,0.10204081632653061
1878,55,9,4.054545454545455,0.16363636363636364
1879,140,13,4.0928571428571425,0.09285714285714286
1880,156,20,4.0,0.1282051282051282
1881,3143,226,3.801781737193764,0.07190582246261533
1882,805,71,3.9316770186335406,0.08819875776397515
1883,12,5,3.0,0.4166666666666667
1884,18,1,3.2222222222222223,0.05555555555555555
1885,109,16,4.110091743119266,0.14678899082568808
1886,10,0,3.9,0.0
1887,4,1,3.0,0.25
1888,34,7,2.823529411764706,0.20588235294117646
1889,97,13,3.5463917525773194,0.13402061855670103
1890,84,26,3.4523809523809526,0.30952380952380953
1891,478,55,3.8953974895397487,0.11506276150627615
1892,5,2,2.4,0.4
1893,3,1,3.6666666666666665,0.3333333333333333
1894,5,0,3.6,0.0
1895,342,32,3.7251461988304095,0.0935672514619883
1896,45,12,4.066666666666666,0.26666666666666666
1897,29,3,3.1379310344827585,0.10344827586206896
1898,1,1,5.0,1.0
1899,10,4,5.0,0.4
1900,33,2,4.121212121212121,0.06060606060606061
1901,80,12,4.4875,0.15
1902,13,3,3.6923076923076925,0.23076923076923078
1903,47,13,3.6382978723404253,0.2765957446808511
1904,90,24,3.466666666666667,0.26666666666666666
1905,235,33,3.872340425531915,0.14042553191489363
1906,35,11,3.4285714285714284,0.3142857142857143
1907,1511,94,3.9655857048312377,0.062210456651224356
1908,12,4,4.333333333333333,0.3333333333333333
1909,508,50,3.986220472440945,0.0984251968503937
1910,14,2,3.857142857142857,0.14285714285714285
1911,23,5,4.217391304347826,0.21739130434782608
1912,324,30,4.061728395061729,0.09259259259259259
1913,32,11,3.03125,0.34375
1914,310,40,4.248387096774193,0.12903225806451613
1915,24,7,4.75,0.2916666666666667
1916,4,0,4.25,0.0
1917,1197,143,4.4035087719298245,0.11946532999164577
1918,8,2,2.25,0.25
1919,42,22,3.4047619047619047,0.5238095238095238
1920,488,66,3.8934426229508197,0.13524590163934427
1921,12,1,4.166666666666667,0.08333333333333333
1922,3,0,4.333333333333333,0.0
1923,4,1,3.0,0.25
1924,1,0,3.0,0.0
1925,32,4,3.5,0.125
1926,25,6,4.2,0.24
1927,494,69,4.2408906882591095,0.1396761133603239
1928,98,10,4.153061224489796,0.10204081632653061
1929,1,0,5.0,0.0
1930,45,9,4.733333333333333,0.2
1931,27,6,3.5185185185185186,0.2222222222222222
1932,3,1,4.0,0.3333333333333333
1933,35,6,4.771428571428571,0.17142857142857143
1934,573,44,3.898778359511344,0.07678883071553229
1935,26,9,2.5384615384615383,0.34615384615384615
1936,23,11,4.782608695652174,0.4782608695652174
1937,3,1,3.6666666666666665,0.3333333333333333
1938,3,1,4.666666666666667,0.3333333333333333
1939,1,0,5.0,0.0
1940,1,0,3.0,0.0
1941,2560,200,4.03515625,0.078125
1942,5,1,2.2,0.2
1943,37,7,2.972972972972973,0.1891891891891892
1944,2,0,4.5,0.0
1945,16,4,2.375,0.25
1946,17,2,3.1176470588235294,0.11764705882352941
1947,14,1,4.285714285714286,0.07142857142857142
1948,23,21,4.565217391304348,0.9130434782608695
1949,53,17,3.9245283018867925,0.32075471698113206
1950,150,22,3.5533333333333332,0.14666666666666667
1951,77,15,3.4545454545454546,0.19480519480519481
1952,347,16,4.002881844380403,0.04610951008645533
1953,11,7,4.2727272727272725,0.6363636363636364
1954,186,29,4.32258064516129,0.15591397849462366
1955,561,47,4.017825311942959,0.08377896613190731
1956,65,9,3.753846153846154,0.13846153846153847
1957,17,4,4.352941176470588,0.23529411764705882
1958,66,10,4.166666666666667,0.15151515151515152
1959,98,13,4.551020408163265,0.1326530612244898
1960,403,50,3.7344913151364763,0.12406947890818859
1961,20,6,2.45,0.3
1962,3,0,3.6666666666666665,0.0
1963,8,1,3.125,0.125
1964,144,38,3.3819444444444446,0.2638888888888889
1965,129,20,3.294573643410853,0.15503875968992248
1966,6,2,4.5,0.3333333333333333
1967,64,13,3.8125,0.203125
1968,151,16,3.3509933774834435,0.10596026490066225
1969,103,13,4.097087378640777,0.1262135922330097
1970,19,1,3.0526315789473686,0.05263157894736842
1971,49,15,2.7755102040816326,0.30612244897959184
1972,2,0,1.5,0.0
1973,1,0,1.0,0.0
1974,86,6,4.441860465116279,0.06976744186046512
1975,286,59,4.181818181818182,0.2062937062937063
1976,3,0,5.0,0.0
1977,18,8,2.388888888888889,0.4444444444444444
1978,23,6,3.9565217391304346,0.2608695652173913
1979,223,44,3.89237668161435,0.19730941704035873
1980,56,12,3.6964285714285716,0.21428571428571427
1981,397,45,3.55919395465995,0.11335012594458438
1982,2,0,2.5,0.0
1983,18,3,3.7777777777777777,0.16666666666666666
1984,1,0,1.0,0.0
1985,108,16,3.9074074074074074,0.14814814814814814
1986,119,26,3.722689075630252,0.2184873949579832
1987,223,33,3.995515695067265,0.14798206278026907
1988,96,35,3.7604166666666665,0.3645833333333333
1989,38,3,4.2105263157894735,0.07894736842105263
1990,80,9,4.05,0.1125
1991,10,10,1.4,1.0
1992,47,11,3.0638297872340425,0.23404255319148937
1993,13,3,4.076923076923077,0.23076923076923078
1994,185,22,3.67027027027027,0.11891891891891893
1995,1,1,5.0,1.0
1996,22,3,4.318181818181818,0.13636363636363635
1997,51,17,2.9411764705882355,0.3333333333333333
1998,151,10,4.2052980132450335,0.06622516556291391
1999,74,14,3.6216216216216215,0.1891891891891892
2000,12,1,3.3333333333333335,0.08333333333333333
2001,76,25,3.3026315789473686,0.32894736842105265
2002,44,3,4.090909090909091,0.06818181818181818
2003,234,34,3.641025641025641,0.1452991452991453
2004,119,22,4.142857142857143,0.18487394957983194
2005,167,22,4.029940119760479,0.1317365269461078
2006,1,1,1.0,1.0
2007,6,1,3.8333333333333335,0.16666666666666666
2008,149,14,3.9060402684563758,0.09395973154362416
2009,34,10,3.6470588235294117,0.29411764705882354
2010,11,1,3.6363636363636362,0.09090909090909091
2011,25,8,3.04,0.32
2012,34,2,4.676470588235294,0.058823529411764705
2013,41,11,4.024390243902439,0.2682926829268293
2014,103,6,4.067961165048544,0.05825242718446602
2015,1,1,5.0,1.0
2016,9,0,2.111111111111111,0.0
2017,473,25,4.038054968287526,0.052854122621564484
2018,15,3,3.2,0.2
2019,503,66,4.254473161033797,0.1312127236580517
2020,44,31,3.909090909090909,0.7045454545454546
2021,49,17,4.489795918367347,0.3469387755102041
2022,1,0,1.0,0.0
2023,323,20,3.9442724458204332,0.06191950464396285
2024,14,3,3.857142857142857,0.21428571428571427
2025,8,2,2.875,0.25
2026,3,1,3.6666666666666665,0.3333333333333333
2027,1,1,4.0,1.0
2028,20,3,3.7,0.15
2029,8,3,2.625,0.375
2030,45,17,3.2444444444444445,0.37777777777777777
2031,1,0,3.0,0.0
2032,23,5,4.260869565217392,0.21739130434782608
2033,28,9,2.2857142857142856,0.32142857142857145
2034,1206,135,3.9029850746268657,0.11194029850746269
2035,110,12,3.9909090909090907,0.10909090909090909
2036,8,2,3.5,0.25
2037,21,4,4.285714285714286,0.19047619047619047
2038,1,0,1.0,0.0
2039,9,2,3.2222222222222223,0.2222222222222222
2040,14,0,3.0714285714285716,0.0
2041,12,1,4.333333333333333,0.08333333333333333
2042,21,7,3.0476190476190474,0.3333333333333333
2043,1108,140,3.887184115523466,0.1263537906137184
2044,28,13,3.7857142857142856,0.4642857142857143
2045,67,1,4.313432835820896,0.014925373134328358
2046,12,2,2.75,0.16666666666666666
2047,60,8,3.8666666666666667,0.13333333333333333
2048,124,7,4.298387096774194,0.056451612903225805
2049,9,4,3.4444444444444446,0.4444444444444444
2050,2,1,4.0,0.5
2051,14,4,3.5714285714285716,0.2857142857142857
2052,366,53,4.191256830601093,0.1448087431693989
2053,23,11,4.782608695652174,0.4782608695652174
2054,56,12,2.4642857142857144,0.21428571428571427
2055,4,1,3.5,0.25
2056,68,5,4.544117647058823,0.07352941176470588
2057,10,4,4.4,0.4
2058,610,63,3.89672131147541,0.10327868852459017
2059,76,7,4.276315789473684,0.09210526315789473
2060,94,17,4.585106382978723,0.18085106382978725
2061,64,16,4.6875,0.25
2062,13,0,4.3076923076923075,0.0
2063,216,21,3.7268518518518516,0.09722222222222222
2064,18,5,3.9444444444444446,0.2777777777777778
2065,193,16,4.1450777202072535,0.08290155440414508
2066,79,17,4.430379746835443,0.21518987341772153
2067,100,6,4.27,0.06
2068,1,1,5.0,1.0
2069,227,38,3.66079295154185,0.16740088105726872
2070,281,23,4.3238434163701065,0.08185053380782918
2071,2,2,2.0,1.0
2072,15,1,4.266666666666667,0.06666666666666667
2073,6,2,3.5,0.3333333333333333
2074,26,0,4.384615384615385,0.0
2075,95,6,4.3578947368421055,0.06315789473684211
2076,76,13,2.8026315789473686,0.17105263157894737
2077,6,1,4.666666666666667,0.16666666666666666
2078,12,0,4.666666666666667,0.0
2079,1151,112,3.8036490008688095,0.09730668983492616
2080,74,4,4.5,0.05405405405405406
2081,5,2,4.8,0.4
2082,55,6,3.981818181818182,0.10909090909090909
2083,108,32,3.6481481481481484,0.2962962962962963
2084,8,1,3.625,0.125
2085,5,1,3.6,0.2
2086,44,12,3.727272727272727,0.2727272727272727
2087,6,2,3.3333333333333335,0.3333333333333333
2088,1,0,4.0,0.0
2089,10,3,3.7,0.3
2090,7,2,4.0,0.2857142857142857
2091,33,9,3.212121212121212,0.2727272727272727
2092,145,18,4.062068965517241,0.12413793103448276
2093,138,21,4.420289855072464,0.15217391304347827
2094,23,5,3.5217391304347827,0.21739130434782608
2095,64,25,4.203125,0.390625
2096,56,25,3.625,0.44642857142857145
2097,10,2,3.4,0.2
2098,22,6,3.409090909090909,0.2727272727272727
2099,18,4,4.444444444444445,0.2222222222222222
2100,21,11,3.238095238095238,0.5238095238095238
2101,23,5,4.130434782608695,0.21739130434782608
2102,30,8,3.2,0.26666666666666666
2103,136,15,3.860294117647059,0.11029411764705882
2104,17,5,4.705882352941177,0.29411764705882354
2105,138,21,3.1956521739130435,0.15217391304347827
2106,75,35,3.2133333333333334,0.4666666666666667
2107,95,14,3.642105263157895,0.14736842105263157
2108,1,1,5.0,1.0
2109,122,7,4.032786885245901,0.05737704918032787
2110,1,1,4.0,1.0
2111,4,0,3.5,0.0
2112,322,19,4.4937888198757765,0.059006211180124224
2113,124,21,4.282258064516129,0.1693548387096774
2114,26,3,3.576923076923077,0.11538461538461539
2115,105,19,4.066666666666666,0.18095238095238095
2116,364,48,3.8763736263736264,0.13186813186813187
2117,18,4,4.222222222222222,0.2222222222222222
2118,683,76,3.979502196193265,0.11127379209370425
2119,262,39,3.8206106870229006,0.14885496183206107
2120,7,2,4.428571428571429,0.2857142857142857
2121,70,4,3.9571428571428573,0.05714285714285714
2122,172,31,3.5,0.18023255813953487
2123,13,1,3.1538461538461537,0.07692307692307693
2124,318,16,4.012578616352202,0.050314465408805034
2125,22,9,3.1818181818181817,0.4090909090909091
2126,1,0,4.0,0.0
2127,2165,444,4.15242494226328,0.20508083140877598
2128,9,2,4.555555555555555,0.2222222222222222
2129,57,11,4.368421052631579,0.19298245614035087
2130,2,0,3.0,0.0
2131,185,37,3.848648648648649,0.2
2132,99,23,4.555555555555555,0.23232323232323232
2133,21,4,2.9523809523809526,0.19047619047619047
2134,107,15,3.5700934579439254,0.14018691588785046
2135,20,4,3.55,0.2
2136,778,132,4.32904884318766,0.16966580976863754
2137,83,18,4.493975903614458,0.21686746987951808
2138,115,56,4.339130434782609,0.48695652173913045
2139,2,1,4.5,0.5
2140,78,10,3.3846153846153846,0.1282051282051282
2141,1,1,4.0,1.0
2142,17,1,4.588235294117647,0.058823529411764705
2143,1,0,3.0,0.0
2144,106,17,3.150943396226415,0.16037735849056603
2145,79,13,3.0126582278481013,0.16455696202531644
2146,1463,168,4.224196855775803,0.11483253588516747
2147,247,24,3.9554655870445345,0.09716599190283401
2148,126,21,3.7222222222222223,0.16666666666666666
2149,53,3,4.09433962264151,0.05660377358490566
2150,8,5,3.625,0.625
2151,21,3,4.0476190476190474,0.14285714285714285
2152,18,4,3.611111111111111,0.2222222222222222
2153,146,12,4.164383561643835,0.0821917808219178
2154,49,17,4.673469387755102,0.3469387755102041
2155,122,15,3.622950819672131,0.12295081967213115
2156,1,1,5.0,1.0
2157,19,3,3.473684210526316,0.15789473684210525
2158,22,3,3.227272727272727,0.13636363636363635
2159,498,59,4.473895582329317,0.11847389558232932
2160,1,1,5.0,1.0
2161,1,0,5.0,0.0
2162,7,0,3.7142857142857144,0.0
2163,1,0,4.0,0.0
2164,12,2,3.5833333333333335,0.16666666666666666
2165,1285,202,4.1883268482490275,0.15719844357976653
2166,30,6,4.333333333333333,0.2
2167,16,1,3.3125,0.0625
2168,3,1,3.0,0.3333333333333333
2169,106,13,3.3773584905660377,0.12264150943396226
2170,1,1,1.0,1.0
2171,4,1,4.25,0.25
2172,805,46,3.801242236024845,0.05714285714285714
2173,152,13,3.9078947368421053,0.08552631578947369
2174,353,39,4.138810198300283,0.11048158640226628
2175,12,2,3.6666666666666665,0.16666666666666666
2176,1,0,3.0,0.0
2177,23,11,3.391304347826087,0.4782608695652174
2178,13,0,3.4615384615384617,0.0
2179,84,29,3.0952380952380953,0.34523809523809523
2180,2,1,4.0,0.5
2181,197,12,4.568527918781726,0.06091370558375635
2182,159,23,4.364779874213837,0.14465408805031446
2183,120,20,3.933333333333333,0.16666666666666666
2184,281,51,3.715302491103203,0.18149466192170818
2185,253,27,4.106719367588933,0.1067193675889328
2186,22,2,3.727272727272727,0.09090909090909091
2187,194,14,3.917525773195876,0.07216494845360824
2188,3,0,4.0,0.0
2189,1,0,1.0,0.0
2190,1,0,1.0,0.0
2191,52,5,3.8076923076923075,0.09615384615384616
2192,188,27,3.632978723404255,0.14361702127659576
2193,18,12,4.055555555555555,0.6666666666666666
2194,3,1,3.3333333333333335,0.3333333333333333
2195,26,14,3.6538461538461537,0.5384615384615384
2196,135,24,3.9851851851851854,0.17777777777777778
2197,74,7,3.7027027027027026,0.0945945945945946
2198,22,5,4.181818181818182,0.22727272727272727
2199,2,0,5.0,0.0
2200,2,1,5.0,0.5
2201,302,27,4.099337748344371,0.08940397350993377
2202,92,7,3.619565217391304,0.07608695652173914
2203,13,4,1.7692307692307692,0.3076923076923077
2204,23,11,4.608695652173913,0.4782608695652174
2205,155,13,3.825806451612903,0.08387096774193549
2206,39,7,3.1794871794871793,0.1794871794871795
2207,7,2,3.5714285714285716,0.2857142857142857
2208,3,0,3.0,0.0
2209,27,9,4.407407407407407,0.3333333333333333
2210,4,3,4.5,0.75
2211,166,13,3.8433734939759034,0.0783132530120482
2212,64,24,3.703125,0.375
2213,84,11,4.214285714285714,0.13095238095238096
2214,20,4,3.8,0.2
2215,17,6,3.6470588235294117,0.35294117647058826
2216,79,21,3.2531645569620253,0.26582278481012656
2217,2,1,5.0,0.5
2218,192,27,3.59375,0.140625
2219,509,41,3.8153241650294696,0.08055009823182711
2220,16,2,2.875,0.125
2221,14,4,3.2857142857142856,0.2857142857142857
2222,16,0,1.8125,0.0
2223,1870,199,4.258823529411765,0.10641711229946524
2224,489,74,3.8916155419222904,0.15132924335378323
2225,203,22,4.3399014778325125,0.10837438423645321
2226,50,3,4.3,0.06
2227,235,16,3.9063829787234043,0.06808510638297872
2228,109,20,4.165137614678899,0.1834862385321101
2229,1,0,5.0,0.0
2230,42,16,4.261904761904762,0.38095238095238093
2231,1232,96,4.137175324675325,0.07792207792207792
2232,49,14,4.36734693877551,0.2857142857142857
2233,129,18,3.4031007751937983,0.13953488372093023
2234,16,10,4.3125,0.625
2235,64,7,3.734375,0.109375
2236,79,12,3.2151898734177213,0.1518987341772152
2237,1,0,3.0,0.0
2238,66,3,4.0,0.045454545454545456
2239,2,0,4.0,0.0
2240,57,10,3.7017543859649122,0.17543859649122806
2241,54,4,4.148148148148148,0.07407407407407407
2242,4,0,4.25,0.0
2243,15,7,3.466666666666667,0.4666666666666667
2244,68,15,3.823529411764706,0.22058823529411764
2245,73,12,3.191780821917808,0.1643835616438356
2246,9,3,4.666666666666667,0.3333333333333333
2247,3,1,3.6666666666666665,0.3333333333333333
2248,172,24,4.534883720930233,0.13953488372093023
2249,35,12,3.2857142857142856,0.34285714285714286
2250,89,15,3.9101123595505616,0.16853932584269662
2251,80,4,4.525,0.05
2252,6,1,4.666666666666667,0.16666666666666666
2253,43,6,4.093023255813954,0.13953488372093023
2254,83,14,3.6144578313253013,0.1686746987951807
2255,63,12,3.6507936507936507,0.19047619047619047
2256,381,37,4.073490813648294,0.09711286089238845
2257,6,0,3.5,0.0
2258,179,29,3.983240223463687,0.16201117318435754
2259,10,2,2.3,0.2
2260,8,2,3.0,0.25
2261,37,4,3.72972972972973,0.10810810810810811
2262,1217,102,3.8709942481511916,0.0838126540673788
2263,51,9,4.019607843137255,0.17647058823529413
2264,10,2,4.4,0.2
2265,1675,156,3.8107462686567164,0.09313432835820895
2266,580,78,4.358620689655172,0.13448275862068965
2267,804,65,4.1318407960199,0.08084577114427861
2268,15,2,4.0,0.13333333333333333
2269,1,1,1.0,1.0
2270,41,15,3.6097560975609757,0.36585365853658536
2271,327,57,4.608562691131499,0.1743119266055046
2272,8,5,3.125,0.625
2273,183,25,4.136612021857924,0.1366120218579235
2274,58,10,3.7241379310344827,0.1724137931034483
2275,277,19,3.9133574007220218,0.06859205776173286
2276,35,7,3.3714285714285714,0.2
2277,380,41,4.094736842105263,0.10789473684210527
2278,1,0,5.0,0.0
2279,223,32,4.013452914798206,0.14349775784753363
2280,15,3,2.7333333333333334,0.2
2281,96,15,3.875,0.15625
2282,85,17,3.541176470588235,0.2
2283,5,1,1.8,0.2
2284,26,3,3.3846153846153846,0.11538461538461539
2285,75,25,3.1866666666666665,0.3333333333333333
2286,34,10,4.088235294117647,0.29411764705882354
2287,20,7,2.75,0.35
2288,24,6,3.0416666666666665,0.25
2289,3,0,2.0,0.0
2290,84,17,3.4166666666666665,0.20238095238095238
2291,883,90,4.502831257078142,0.10192525481313704
2292,1,0,3.0,0.0
2293,41,13,3.5609756097560976,0.3170731707317073
2294,514,70,4.221789883268483,0.13618677042801555
2295,1,1,5.0,1.0
2296,24,5,4.791666666666667,0.20833333333333334
2297,43,4,4.441860465116279,0.09302325581395349
2298,1,0,2.0,0.0
2299,69,17,3.5652173913043477,0.2463768115942029
2300,36,7,4.472222222222222,0.19444444444444445
2301,55,10,4.163636363636364,0.18181818181818182
2302,3,0,4.666666666666667,0.0
2303,2,1,5.0,0.5
2304,62,10,4.435483870967742,0.16129032258064516
2305,58,11,3.3620689655172415,0.1896551724137931
2306,12,1,3.5833333333333335,0.08333333333333333
2307,177,19,3.864406779661017,0.10734463276836158
2308,80,13,4.175,0.1625
2309,33,4,3.878787878787879,0.12121212121212122
2310,6,1,4.5,0.16666666666666666
2311,26,12,3.3076923076923075,0.46153846153846156
2312,17,5,3.1176470588235294,0.29411764705882354
2313,684,100,4.333333333333333,0.14619883040935672
2314,71,10,4.352112676056338,0.14084507042253522
2315,3,1,3.6666666666666665,0.3333333333333333
2316,1,0,3.0,0.0
2317,10,4,3.4,0.4
2318,1,1,3.0,1.0
2319,1,1,3.0,1.0
2320,345,34,3.7130434782608694,0.09855072463768116
2321,9,1,4.0,0.1111111111111111
2322,199,26,4.542713567839196,0.1306532663316583
2323,87,10,3.954022988505747,0.11494252873563218
2324,13,1,3.6923076923076925,0.07692307692307693
2325,16,5,2.6875,0.3125
2326,24,6,3.3333333333333335,0.25
2327,40,14,3.5,0.35
2328,23,4,4.782608695652174,0.17391304347826086
2329,2,1,5.0,0.5
2330,11,8,3.6363636363636362,0.7272727272727273
2331,19,5,4.526315789473684,0.2631578947368421
2332,19,1,4.315789473684211,0.05263157894736842
2333,235,28,4.136170212765958,0.11914893617021277
2334,8,3,2.875,0.375
2335,12,9,2.1666666666666665,0.75
2336,4,1,4.75,0.25
2337,485,68,3.8474226804123712,0.1402061855670103
2338,8,1,3.875,0.125
2339,18,2,3.2777777777777777,0.1111111111111111
2340,47,37,2.574468085106383,0.7872340425531915
2341,106,29,3.481132075471698,0.27358490566037735
2342,534,61,4.520599250936329,0.11423220973782772
2343,23,4,4.130434782608695,0.17391304347826086
2344,13,4,4.384615384615385,0.3076923076923077
2345,83,21,3.4216867469879517,0.25301204819277107
2346,1,0,3.0,0.0
2347,48,18,4.5,0.375
2348,3,1,4.666666666666667,0.3333333333333333
2349,24,10,2.8333333333333335,0.4166666666666667
2350,1,0,4.0,0.0
2351,12,2,4.25,0.16666666666666666
2352,2,1,4.5,0.5
2353,48,6,4.5625,0.125
2354,477,54,3.6729559748427674,0.11320754716981132
2355,15,0,4.466666666666667,0.0
2356,10,0,3.8,0.0
2357,46,8,3.4347826086956523,0.17391304347826086
2358,7,0,5.0,0.0
2359,152,15,3.7302631578947367,0.09868421052631579
2360,50,2,4.46,0.04
2361,43,10,3.186046511627907,0.23255813953488372
2362,128,8,3.6875,0.0625
2363,38,13,2.6842105263157894,0.34210526315789475
2364,25,6,2.12,0.24
2365,33,3,4.848484848484849,0.09090909090909091
2366,44,5,4.340909090909091,0.11363636363636363
2367,10,5,4.2,0.5
2368,87,12,4.252873563218391,0.13793103448275862
2369,84,8,3.9642857142857144,0.09523809523809523
2370,322,31,4.093167701863354,0.09627329192546584
2371,109,15,4.348623853211009,0.13761467889908258
2372,31,2,4.290322580645161,0.06451612903225806
2373,35,15,3.4,0.42857142857142855
2374,200,19,3.505,0.095
2375,1,0,3.0,0.0
2376,95,19,2.863157894736842,0.2
2377,85,5,2.5176470588235293,0.058823529411764705
2378,12,8,3.75,0.6666666666666666
2379,3,0,1.6666666666666667,0.0
2380,13,0,3.6923076923076925,0.0
2381,1,0,3.0,0.0
2382,130,29,4.446153846153846,0.2230769230769231
2383,45,14,3.3333333333333335,0.3111111111111111
2384,336,65,3.9404761904761907,0.19345238095238096
2385,7,1,3.7142857142857144,0.14285714285714285
2386,70,20,3.242857142857143,0.2857142857142857
2387,107,15,4.149532710280374,0.14018691588785046
2388,4,0,2.5,0.0
2389,1,1,5.0,1.0
2390,2,0,3.5,0.0
2391,77,12,3.883116883116883,0.15584415584415584
2392,138,46,3.1666666666666665,0.3333333333333333
2393,1,0,5.0,0.0
2394,1,0,5.0,0.0
2395,6,3,3.6666666666666665,0.5
2396,19,0,3.4210526315789473,0.0
2397,196,128,4.071428571428571,0.6530612244897959
2398,221,36,4.529411764705882,0.16289592760180996
2399,182,18,3.4615384615384617,0.0989010989010989
2400,10,6,4.7,0.6
2401,3,1,1.6666666666666667,0.3333333333333333
2402,385,75,4.348051948051948,0.19480519480519481
2403,61,12,3.5901639344262297,0.19672131147540983
2404,283,15,4.293286219081272,0.053003533568904596
2405,5,1,4.2,0.2
2406,23,2,3.782608695652174,0.08695652173913043
2407,7,1,3.7142857142857144,0.14285714285714285
2408,2,0,3.5,0.0
2409,769,69,3.7841352405721715,0.08972691807542263
2410,1,1,5.0,1.0
2411,2,0,3.5,0.0
2412,6,1,3.3333333333333335,0.16666666666666666
2413,315,29,4.022222222222222,0.09206349206349207
2414,10,3,2.9,0.3
2415,2,0,3.5,0.0
2416,17,4,4.0588235294117645,0.23529411764705882
2417,71,5,4.28169014084507,0.07042253521126761
2418,1,0,1.0,0.0
2419,39,16,2.9743589743589745,0.41025641025641024
2420,3,2,3.0,0.6666666666666666
2421,166,33,3.5843373493975905,0.19879518072289157
2422,13,3,3.6153846153846154,0.23076923076923078
2423,71,19,2.915492957746479,0.2676056338028169
2424,12,2,4.25,0.16666666666666666
2425,54,13,3.9814814814814814,0.24074074074074073
2426,2,1,5.0,0.5
2427,6,1,4.333333333333333,0.16666666666666666
2428,108,14,3.7777777777777777,0.12962962962962962
2429,80,11,3.4375,0.1375
2430,2,2,5.0,1.0
2431,10,3,3.4,0.3
2432,1,1,4.0,1.0
2433,13,5,3.769230769230769,0.38461538461538464
2434,200,31,4.28,0.155
2435,19,2,3.526315789473684,0.10526315789473684
2436,11,2,4.181818181818182,0.18181818181818182
2437,155,14,4.483870967741935,0.09032258064516129
2438,61,7,4.754098360655738,0.11475409836065574
2439,15,2,3.4,0.13333333333333333
2440,567,145,4.114638447971782,0.25573192239858905
2441,37,20,4.081081081081081,0.5405405405405406
2442,153,15,4.5816993464052285,0.09803921568627451
2443,64,9,4.734375,0.140625
2444,221,23,3.936651583710407,0.10407239819004525
2445,1,1,1.0,1.0
2446,1,0,4.0,0.0
2447,192,20,4.104166666666667,0.10416666666666667
2448,1,0,2.0,0.0
2449,5,2,4.4,0.4
2450,6,4,4.833333333333333,0.6666666666666666
2451,1,0,1.0,0.0
2452,41,10,3.7804878048780486,0.24390243902439024
2453,16,1,2.9375,0.0625
2454,3,0,4.666666666666667,0.0
2455,81,9,4.3580246913580245,0.1111111111111111
2456,24,2,4.583333333333333,0.08333333333333333
2457,2,1,4.5,0.5
2458,35,4,4.4,0.11428571428571428
2459,1,0,5.0,0.0
2460,149,15,3.2751677852348995,0.10067114093959731
2461,32,9,3.59375,0.28125
2462,3,3,4.666666666666667,1.0
2463,24,5,3.6666666666666665,0.20833333333333334
2464,6,3,3.1666666666666665,0.5
2465,109,34,3.5688073394495414,0.3119266055045872
2466,30,4,4.733333333333333,0.13333333333333333
2467,66,15,3.6666666666666665,0.22727272727272727
2468,24,9,3.9166666666666665,0.375
2469,46,7,4.326086956521739,0.15217391304347827
2470,19,8,2.6315789473684212,0.42105263157894735
2471,14,1,3.2857142857142856,0.07142857142857142
2472,44,4,3.909090909090909,0.09090909090909091
2473,1,0,3.0,0.0
2474,74,24,3.418918918918919,0.32432432432432434
2475,287,19,3.9094076655052263,0.06620209059233449
2476,15,2,2.7333333333333334,0.13333333333333333
2477,1673,110,3.935445307830245,0.0657501494321578
2478,455,64,4.0637362637362635,0.14065934065934066
2479,97,5,4.381443298969073,0.05154639175257732
2480,306,28,4.094771241830065,0.0915032679738562
2481,31,2,3.4838709677419355,0.06451612903225806
2482,32,13,3.90625,0.40625
2483,63,5,4.492063492063492,0.07936507936507936
2484,10,4,4.7,0.4
2485,21,8,3.761904761904762,0.38095238095238093
2486,25,4,4.2,0.16
2487,28,5,4.392857142857143,0.17857142857142858
2488,6,1,4.333333333333333,0.16666666666666666
2489,15,5,3.933333333333333,0.3333333333333333
2490,95,18,4.105263157894737,0.18947368421052632
2491,54,5,3.462962962962963,0.09259259259259259
2492,24,2,4.166666666666667,0.08333333333333333
2493,54,14,3.7222222222222223,0.25925925925925924
2494,52,12,3.25,0.23076923076923078
2495,62,14,4.32258064516129,0.22580645161290322
2496,10,4,2.9,0.4
2497,3,0,5.0,0.0
2498,61,17,2.262295081967213,0.2786885245901639
2499,93,20,2.870967741935484,0.21505376344086022
2500,23,2,1.391304347826087,0.08695652173913043
2501,51,18,4.176470588235294,0.35294117647058826
2502,9,3,3.6666666666666665,0.3333333333333333
2503,44,17,3.6818181818181817,0.38636363636363635
2504,26,11,2.923076923076923,0.4230769230769231
2505,13,2,2.923076923076923,0.15384615384615385
2506,13,3,3.076923076923077,0.23076923076923078
2507,21,2,4.095238095238095,0.09523809523809523
2508,547,37,4.03290676416819,0.06764168190127971
2509,36,11,3.7222222222222223,0.3055555555555556
2510,5,0,3.6,0.0
2511,162,14,3.876543209876543,0.08641975308641975
2512,67,18,4.059701492537314,0.26865671641791045
2513,57,4,4.175438596491228,0.07017543859649122
2514,371,23,4.048517520215634,0.06199460916442048
2515,2,0,2.5,0.0
2516,3,0,3.3333333333333335,0.0
2517,41,5,4.195121951219512,0.12195121951219512
2518,52,6,4.0,0.11538461538461539
2519,5,1,3.8,0.2
2520,3,1,4.666666666666667,0.3333333333333333
2521,170,11,3.8058823529411763,0.06470588235294118
2522,44,3,4.340909090909091,0.06818181818181818
2523,69,17,2.608695652173913,0.2463768115942029
2524,41,5,4.170731707317073,0.12195121951219512
2525,40,7,2.2,0.175
2526,75,3,2.3866666666666667,0.04
2527,312,23,3.9198717948717947,0.07371794871794872
2528,76,19,3.8552631578947367,0.25
2529,386,38,4.580310880829016,0.09844559585492228
2530,2,0,2.5,0.0
2531,6,1,3.8333333333333335,0.16666666666666666
2532,10,2,3.5,0.2
2533,140,15,4.0285714285714285,0.10714285714285714
2534,1,0,5.0,0.0
2535,30,5,4.2,0.16666666666666666
2536,1,0,5.0,0.0
2537,43,5,3.0232558139534884,0.11627906976744186
2538,2,0,1.5,0.0
2539,224,6,4.0,0.026785714285714284
2540,197,35,3.8375634517766497,0.17766497461928935
2541,29,3,4.0,0.10344827586206896
2542,1,0,3.0,0.0
2543,19,1,4.894736842105263,0.05263157894736842
2544,388,28,3.8170103092783507,0.07216494845360824
2545,75,27,3.6666666666666665,0.36
2546,75,13,3.453333333333333,0.17333333333333334
2547,56,14,2.625,0.25
2548,75,38,3.7866666666666666,0.5066666666666667
2549,1,1,4.0,1.0
2550,46,6,3.3043478260869565,0.13043478260869565
2551,40,9,3.0,0.225
2552,20,9,4.7,0.45
2553,2,0,3.0,0.0
2554,1,0,4.0,0.0
2555,110,7,4.109090909090909,0.06363636363636363
2556,552,57,4.202898550724638,0.10326086956521739
2557,26,5,3.4615384615384617,0.19230769230769232
2558,56,12,4.571428571428571,0.21428571428571427
2559,12,4,3.25,0.3333333333333333
2560,43,10,4.465116279069767,0.23255813953488372
2561,27,4,4.703703703703703,0.14814814814814814
2562,8,1,3.0,0.125
2563,13,3,3.3846153846153846,0.23076923076923078
2564,11,6,2.272727272727273,0.5454545454545454
2565,49,6,4.0,0.12244897959183673
2566,7,2,3.5714285714285716,0.2857142857142857
2567,4,1,3.0,0.25
2568,14,4,3.2857142857142856,0.2857142857142857
2569,2,0,3.5,0.0
2570,89,10,3.449438202247191,0.11235955056179775
2571,1,1,5.0,1.0
2572,8,4,4.0,0.5
2573,281,27,4.266903914590747,0.09608540925266904
2574,631,76,3.931854199683043,0.12044374009508717
2575,4,0,4.5,0.0
2576,20,7,3.05,0.35
2577,183,27,3.4644808743169397,0.14754098360655737
2578,14,3,3.7857142857142856,0.21428571428571427
2579,17,7,4.235294117647059,0.4117647058823529
2580,1,0,1.0,0.0
2581,2,1,5.0,0.5
2582,1,0,2.0,0.0
2583,79,9,4.025316455696203,0.11392405063291139
2584,3,1,3.3333333333333335,0.3333333333333333
2585,176,19,3.664772727272727,0.10795454545454546
2586,27,7,4.666666666666667,0.25925925925925924
2587,2,1,5.0,0.5
2588,3,2,4.333333333333333,0.6666666666666666
2589,58,5,2.7413793103448274,0.08620689655172414
2590,92,35,3.6739130434782608,0.3804347826086957
2591,1,1,2.0,1.0
2592,16,0,4.0,0.0
2593,8,1,4.625,0.125
2594,11,5,2.272727272727273,0.45454545454545453
2595,1,0,5.0,0.0
2596,3,1,4.333333333333333,0.3333333333333333
2597,2,0,1.5,0.0
2598,39,4,3.6666666666666665,0.10256410256410256
2599,47,21,3.6595744680851063,0.44680851063829785
2600,78,11,4.3076923076923075,0.14102564102564102
2601,20,0,4.65,0.0
2602,56,14,3.357142857142857,0.25
2603,4,2,3.75,0.5
2604,35,7,4.057142857142857,0.2
2605,2999,194,3.965988662887629,0.06468822940980327
2606,135,11,4.2518518518518515,0.08148148148148149
2607,70,8,4.114285714285714,0.11428571428571428
2608,33,17,2.696969696969697,0.5151515151515151
2609,150,22,4.2,0.14666666666666667
2610,83,10,3.6506024096385543,0.12048192771084337
2611,3,0,4.333333333333333,0.0
2612,602,61,3.920265780730897,0.10132890365448505
2613,6,1,3.5,0.16666666666666666
2614,3,0,3.6666666666666665,0.0
2615,1,1,5.0,1.0
2616,1176,109,4.431972789115647,0.09268707482993198
2617,12,4,3.5833333333333335,0.3333333333333333
2618,116,29,3.8017241379310347,0.25
2619,58,24,3.5,0.41379310344827586
2620,407,42,4.122850122850123,0.10319410319410319
2621,40,11,4.575,0.275
2622,3,1,3.6666666666666665,0.3333333333333333
2623,6,1,3.6666666666666665,0.16666666666666666
2624,24,13,4.583333333333333,0.5416666666666666
2625,4,0,3.25,0.0
2626,118,19,3.6186440677966103,0.16101694915254236
2627,3,1,3.6666666666666665,0.3333333333333333
2628,363,35,4.542699724517906,0.09641873278236915
2629,270,31,3.074074074074074,0.11481481481481481
2630,7,2,4.428571428571429,0.2857142857142857
2631,63,5,4.222222222222222,0.07936507936507936
2632,876,80,3.791095890410959,0.091324200913242
2633,14,4,3.5,0.2857142857142857
2634,519,51,3.7341040462427744,0.09826589595375723
2635,18,5,4.0,0.2777777777777778
2636,135,54,3.5703703703703704,0.4
2637,35,5,3.2285714285714286,0.14285714285714285
2638,206,39,4.033980582524272,0.18932038834951456
2639,5,2,4.4,0.4
2640,124,6,4.620967741935484,0.04838709677419355
2641,4,0,4.0,0.0
2642,580,64,4.541379310344827,0.1103448275862069
2643,306,28,3.689542483660131,0.0915032679738562
2644,14,2,3.7142857142857144,0.14285714285714285
2645,78,22,3.7435897435897436,0.28205128205128205
2646,127,19,3.622047244094488,0.14960629921259844
2647,14,4,4.214285714285714,0.2857142857142857
2648,8,1,3.5,0.125
2649,79,14,4.3924050632911396,0.17721518987341772
2650,7,2,4.0,0.2857142857142857
2651,48,3,4.291666666666667,0.0625
2652,4,0,4.5,0.0
2653,3,1,4.666666666666667,0.3333333333333333
2654,1,1,1.0,1.0
2655,11,6,3.727272727272727,0.5454545454545454
2656,86,14,3.0,0.16279069767441862
2657,290,42,3.713793103448276,0.14482758620689656
2658,33,15,4.212121212121212,0.45454545454545453
2659,31,6,3.193548387096774,0.1935483870967742
2660,98,7,3.9081632653061225,0.07142857142857142
2661,5,0,4.0,0.0
2662,33,6,3.5757575757575757,0.18181818181818182
2663,94,17,4.212765957446808,0.18085106382978725
2664,67,25,3.208955223880597,0.373134328358209
2665,1,0,3.0,0.0
2666,20,3,3.6,0.15
2667,141,22,3.773049645390071,0.15602836879432624
2668,56,9,3.392857142857143,0.16071428571428573
2669,77,6,3.727272727272727,0.07792207792207792
2670,2,1,5.0,0.5
2671,2,0,5.0,0.0
2672,20,6,4.7,0.3
2673,164,49,3.6219512195121952,0.29878048780487804
2674,1,0,5.0,0.0
2675,494,71,3.769230769230769,0.1437246963562753
2676,369,103,3.2601626016260163,0.2791327913279133
2677,9,1,3.5555555555555554,0.1111111111111111
2678,40,10,2.825,0.25
2679,54,15,4.444444444444445,0.2777777777777778
2680,1,0,3.0,0.0
2681,451,55,3.7117516629711753,0.12195121951219512
2682,165,10,4.084848484848485,0.06060606060606061
2683,110,44,3.2454545454545456,0.4
2684,2,0,3.5,0.0
2685,41,9,3.4390243902439024,0.21951219512195122
2686,52,12,2.8076923076923075,0.23076923076923078
2687,107,27,4.0,0.2523364485981308
2688,163,76,4.030674846625767,0.4662576687116564
2689,53,9,3.0377358490566038,0.16981132075471697
2690,1,0,4.0,0.0
2691,5,3,3.2,0.6
2692,21,3,3.3333333333333335,0.14285714285714285
2693,3,1,3.6666666666666665,0.3333333333333333
2694,71,14,4.323943661971831,0.19718309859154928
2695,1,1,5.0,1.0
2696,112,20,3.75,0.17857142857142858
2697,17,7,4.764705882352941,0.4117647058823529
2698,64,5,3.765625,0.078125
2699,6,1,3.5,0.16666666666666666
2700,89,9,4.550561797752809,0.10112359550561797
2701,36,6,3.75,0.16666666666666666
2702,12,2,4.5,0.16666666666666666
2703,108,32,3.537037037037037,0.2962962962962963
2704,232,24,4.288793103448276,0.10344827586206896
2705,67,2,4.402985074626866,0.029850746268656716
2706,31,3,4.0,0.0967741935483871
2707,489,87,3.605316973415133,0.17791411042944785
2708,1,1,1.0,1.0
2709,75,23,4.306666666666667,0.30666666666666664
2710,36,21,3.4444444444444446,0.5833333333333334
2711,476,33,3.758403361344538,0.06932773109243698
2712,74,26,3.5675675675675675,0.35135135135135137
2713,5,0,3.0,0.0
2714,44,6,3.6136363636363638,0.13636363636363635
2715,1,0,3.0,0.0
2716,18,10,3.6666666666666665,0.5555555555555556
2717,222,24,3.720720720720721,0.10810810810810811
2718,9,2,4.111111111111111,0.2222222222222222
2719,336,38,3.705357142857143,0.1130952380952381
2720,295,31,3.772881355932203,0.10508474576271186
2721,59,28,3.3220338983050848,0.4745762711864407
2722,25,11,4.12,0.44
2723,79,17,3.5949367088607596,0.21518987341772153
2724,36,8,3.638888888888889,0.2222222222222222
2725,252,26,3.880952380952381,0.10317460317460317
2726,135,39,3.6666666666666665,0.28888888888888886
2727,42,6,4.0476190476190474,0.14285714285714285
2728,1,0,5.0,0.0
2729,75,19,4.293333333333333,0.25333333333333335
2730,3,0,5.0,0.0
2731,7,3,4.571428571428571,0.42857142857142855
2732,4,1,4.0,0.25
2733,22,1,2.3636363636363638,0.045454545454545456
2734,310,30,3.8096774193548386,0.0967741935483871
2735,68,25,2.75,0.36764705882352944
2736,237,26,4.29957805907173,0.10970464135021098
2737,69,13,4.173913043478261,0.18840579710144928
2738,129,14,3.8294573643410854,0.10852713178294573
2739,2,0,4.0,0.0
2740,201,45,3.7611940298507465,0.22388059701492538
2741,268,49,4.2164179104477615,0.1828358208955224
2742,3,0,2.0,0.0
2743,82,11,3.926829268292683,0.13414634146341464
2744,222,46,3.220720720720721,0.2072072072072072
2745,28,8,2.5714285714285716,0.2857142857142857
2746,80,45,3.7,0.5625
2747,78,20,4.269230769230769,0.2564102564102564
2748,19,1,3.6315789473684212,0.05263157894736842
2749,17,4,3.4705882352941178,0.23529411764705882
2750,1,1,2.0,1.0
2751,265,65,3.430188679245283,0.24528301886792453
2752,8,2,3.25,0.25
2753,1,0,1.0,0.0
2754,28,3,4.142857142857143,0.10714285714285714
2755,2,1,5.0,0.5
2756,178,13,3.8202247191011236,0.07303370786516854
2757,113,5,4.212389380530974,0.04424778761061947
2758,67,5,4.552238805970149,0.07462686567164178
2759,133,29,3.7293233082706765,0.21804511278195488
2760,187,16,4.112299465240642,0.0855614973262032
2761,6,1,3.5,0.16666666666666666
2762,97,11,3.556701030927835,0.1134020618556701
2763,15,3,4.2,0.2
2764,48,9,3.4791666666666665,0.1875
2765,41,20,2.4390243902439024,0.4878048780487805
2766,64,8,4.0625,0.125
2767,83,15,3.566265060240964,0.18072289156626506
2768,571,108,4.4588441330998245,0.18914185639229422
2769,9,2,4.111111111111111,0.2222222222222222
2770,168,13,3.9345238095238093,0.07738095238095238
2771,12,3,3.3333333333333335,0.25
2772,1,1,5.0,1.0
2773,29,5,3.689655172413793,0.1724137931034483
2774,133,69,3.518796992481203,0.518796992481203
2775,32,4,3.3125,0.125
2776,599,125,4.370617696160267,0.20868113522537562
2777,40,10,4.2,0.25
2778,2,0,3.5,0.0
2779,14,2,3.357142857142857,0.14285714285714285
2780,6,0,5.0,0.0
2781,88,16,4.136363636363637,0.18181818181818182
2782,14,2,4.214285714285714,0.14285714285714285
2783,46,3,4.543478260869565,0.06521739130434782
2784,3,1,4.666666666666667,0.3333333333333333
2785,1,1,1.0,1.0
2786,7,3,4.142857142857143,0.42857142857142855
2787,580,66,3.9224137931034484,0.11379310344827587
2788,27,1,4.666666666666667,0.037037037037037035
2789,62,11,2.870967741935484,0.1774193548387097
2790,14,2,1.9285714285714286,0.14285714285714285
2791,129,11,3.813953488372093,0.08527131782945736
2792,3,1,4.333333333333333,0.3333333333333333
2793,388,59,4.479381443298969,0.15206185567010308
2794,89,12,4.640449438202247,0.1348314606741573
2795,6,3,3.0,0.5
2796,1,0,4.0,0.0
2797,38,12,3.8947368421052633,0.3157894736842105
2798,29,9,4.068965517241379,0.3103448275862069
2799,537,72,3.830540037243948,0.1340782122905028
2800,6,1,4.666666666666667,0.16666666666666666
2801,22,3,3.9545454545454546,0.13636363636363635
2802,3,0,5.0,0.0
2803,96,20,4.552083333333333,0.20833333333333334
2804,106,19,3.5849056603773586,0.1792452830188679
2805,311,42,4.289389067524116,0.13504823151125403
2806,1,0,5.0,0.0
2807,83,14,3.7228915662650603,0.1686746987951807
2808,8,3,3.5,0.375
2809,6,0,2.5,0.0
2810,3,0,2.6666666666666665,0.0
2811,1,1,1.0,1.0
2812,28,3,2.2857142857142856,0.10714285714285714
2813,13,2,3.0,0.15384615384615385
2814,2,0,5.0,0.0
2815,6,3,2.5,0.5
2816,54,6,4.592592592592593,0.1111111111111111
2817,91,17,3.4835164835164836,0.18681318681318682
2818,1,1,5.0,1.0
2819,171,15,4.280701754385965,0.08771929824561403
2820,17,5,4.411764705882353,0.29411764705882354
2821,18,2,3.6666666666666665,0.1111111111111111
2822,9,6,5.0,0.6666666666666666
2823,23,2,4.304347826086956,0.08695652173913043
2824,24,4,3.4583333333333335,0.16666666666666666
2825,17,6,3.0588235294117645,0.35294117647058826
2826,14,2,3.857142857142857,0.14285714285714285
2827,44,2,3.9545454545454546,0.045454545454545456
2828,174,25,3.574712643678161,0.14367816091954022
2829,335,19,4.014925373134329,0.056716417910447764
2830,31,4,3.3870967741935485,0.12903225806451613
2831,48,9,3.9375,0.1875
2832,11,2,4.0,0.18181818181818182
2833,40,4,3.875,0.1
2834,21,0,4.619047619047619,0.0
2835,1,0,5.0,0.0
2836,116,4,4.413793103448276,0.034482758620689655
2837,28,5,4.035714285714286,0.17857142857142858
2838,227,15,3.9559471365638768,0.06607929515418502
2839,209,47,3.9952153110047846,0.22488038277511962
2840,4,1,4.75,0.25
2841,230,41,3.630434782608696,0.1782608695652174
2842,68,3,4.205882352941177,0.04411764705882353
2843,72,6,3.9305555555555554,0.08333333333333333
2844,71,14,4.450704225352113,0.19718309859154928
2845,18,1,3.388888888888889,0.05555555555555555
2846,41,4,4.097560975609756,0.0975609756097561
2847,26,3,4.3076923076923075,0.11538461538461539
2848,28,13,3.5,0.4642857142857143
2849,240,18,3.7916666666666665,0.075
2850,31,10,4.096774193548387,0.3225806451612903
2851,161,45,3.062111801242236,0.2795031055900621
2852,59,24,3.5084745762711864,0.4067796610169492
2853,100,13,3.38,0.13
2854,117,6,3.8376068376068377,0.05128205128205128
2855,471,50,3.6093418259023355,0.10615711252653928
2856,809,68,4.084054388133498,0.08405438813349815
2857,114,17,3.56140350877193,0.14912280701754385
2858,4,2,3.5,0.5
2859,604,100,3.8443708609271523,0.16556291390728478
2860,17,7,3.588235294117647,0.4117647058823529
2861,1,0,4.0,0.0
2862,28,12,3.2142857142857144,0.42857142857142855
2863,2,1,4.0,0.5
2864,1140,124,4.148245614035088,0.10877192982456141
2865,9,0,3.6666666666666665,0.0
2866,178,13,3.904494382022472,0.07303370786516854
2867,51,7,4.431372549019608,0.13725490196078433
2868,8,1,4.125,0.125
2869,36,7,2.5555555555555554,0.19444444444444445
2870,896,131,3.7075892857142856,0.14620535714285715
2871,10,1,4.5,0.1
2872,31,1,4.387096774193548,0.03225806451612903
2873,60,7,3.5,0.11666666666666667
2874,1,1,5.0,1.0
2875,628,63,3.821656050955414,0.10031847133757962
2876,20,2,4.0,0.1
2877,227,15,3.8854625550660793,0.06607929515418502
2878,32,15,2.875,0.46875
2879,963,188,3.0145379023883696,0.1952232606438214
2880,238,31,4.163865546218488,0.13025210084033614
2881,259,37,2.77992277992278,0.14285714285714285
2882,5,0,3.8,0.0
2883,23,5,2.4782608695652173,0.21739130434782608
2884,90,37,3.0,0.4111111111111111
2885,4,1,3.25,0.25
2886,153,25,4.300653594771242,0.16339869281045752
2887,20,2,4.15,0.1
2888,10,1,4.8,0.1
2889,37,2,3.7567567567567566,0.05405405405405406
2890,21,6,2.6666666666666665,0.2857142857142857
2891,267,19,3.846441947565543,0.07116104868913857
2892,1,0,1.0,0.0
2893,98,11,4.336734693877551,0.11224489795918367
2894,51,33,3.8627450980392157,0.6470588235294118
2895,104,9,3.7788461538461537,0.08653846153846154
2896,37,11,3.27027027027027,0.2972972972972973
2897,191,21,3.7853403141361257,0.1099476439790576
2898,146,36,3.410958904109589,0.2465753424657534
2899,218,21,4.064220183486238,0.0963302752293578
2900,305,17,3.9901639344262296,0.05573770491803279
2901,89,3,3.966292134831461,0.033707865168539325
2902,24,12,3.625,0.5
2903,1,0,4.0,0.0
2904,48,14,3.6458333333333335,0.2916666666666667
2905,60,24,3.716666666666667,0.4
2906,318,41,4.015723270440252,0.1289308176100629
2907,130,19,3.1,0.14615384615384616
2908,81,17,3.925925925925926,0.20987654320987653
2909,304,26,3.9210526315789473,0.08552631578947369
2910,36,6,3.5277777777777777,0.16666666666666666
2911,5,1,3.6,0.2
2912,14,4,4.5,0.2857142857142857
2913,34,18,3.676470588235294,0.5294117647058824
2914,1,0,2.0,0.0
2915,5,0,3.8,0.0
2916,33,0,4.484848484848484,0.0
2917,60,6,3.85,0.1
2918,157,11,3.8980891719745223,0.07006369426751592
2919,6,0,4.333333333333333,0.0
2920,1,0,4.0,0.0
2921,1,0,5.0,0.0
2922,6,1,4.166666666666667,0.16666666666666666
2923,43,2,4.511627906976744,0.046511627906976744
2924,1,1,5.0,1.0
2925,24,5,2.7083333333333335,0.20833333333333334
2926,20,9,3.95,0.45
2927,2,0,1.0,0.0
2928,174,17,3.9597701149425286,0.09770114942528736
2929,44,13,3.3181818181818183,0.29545454545454547
2930,78,7,4.3076923076923075,0.08974358974358974
2931,104,16,4.211538461538462,0.15384615384615385
2932,3,0,3.3333333333333335,0.0
2933,465,52,3.9591397849462364,0.11182795698924732
2934,27,9,4.0,0.3333333333333333
2935,1,1,3.0,1.0
2936,9,3,4.444444444444445,0.3333333333333333
2937,1,1,5.0,1.0
2938,378,25,4.402116402116402,0.06613756613756613
2939,27,4,4.333333333333333,0.14814814814814814
2940,57,13,4.807017543859649,0.22807017543859648
2941,6,1,4.5,0.16666666666666666
2942,64,19,3.640625,0.296875
2943,1,1,5.0,1.0
2944,4,1,3.5,0.25
2945,138,12,3.920289855072464,0.08695652173913043
2946,292,27,4.136986301369863,0.09246575342465753
2947,4,0,2.5,0.0
2948,2,1,3.5,0.5
2949,13,7,4.230769230769231,0.5384615384615384
2950,4,1,3.5,0.25
2951,1,0,4.0,0.0
2952,13,1,4.769230769230769,0.07692307692307693
2953,23,8,3.869565217391304,0.34782608695652173
2954,4,1,4.25,0.25
2955,1,0,3.0,0.0
2956,4,2,2.25,0.5
2957,53,6,3.207547169811321,0.11320754716981132
2958,12,8,2.25,0.6666666666666666
2959,227,19,4.361233480176211,0.08370044052863436
2960,8,4,3.125,0.5
2961,5,2,4.4,0.4
2962,9,1,3.7777777777777777,0.1111111111111111
2963,85,16,4.152941176470589,0.18823529411764706
2964,2,1,1.0,0.5
2965,15,9,4.333333333333333,0.6
2966,35,14,2.7714285714285714,0.4
2967,12,1,3.8333333333333335,0.08333333333333333
2968,35,7,3.857142857142857,0.2
2969,437,38,3.8237986270022883,0.08695652173913043
2970,11,2,3.6363636363636362,0.18181818181818182
2971,3,0,5.0,0.0
2972,297,66,3.9326599326599325,0.2222222222222222
2973,9,2,3.4444444444444446,0.2222222222222222
2974,3,0,2.3333333333333335,0.0
2975,35,8,3.7714285714285714,0.22857142857142856
2976,29,3,3.206896551724138,0.10344827586206896
2977,3,3,3.6666666666666665,1.0
2978,72,14,4.041666666666667,0.19444444444444445
2979,241,30,4.514522821576763,0.12448132780082988
2980,128,37,3.1875,0.2890625
2981,96,21,3.6145833333333335,0.21875
2982,186,30,3.817204301075269,0.16129032258064516
2983,359,45,3.5376044568245124,0.12534818941504178
2984,2,0,5.0,0.0
2985,56,13,3.125,0.23214285714285715
2986,6,2,3.3333333333333335,0.3333333333333333
2987,48,8,3.0,0.16666666666666666
2988,46,15,3.1956521739130435,0.32608695652173914
2989,15,3,3.533333333333333,0.2
2990,37,2,4.081081081081081,0.05405405405405406
2991,114,10,3.93859649122807,0.08771929824561403
2992,59,16,2.7796610169491527,0.2711864406779661
2993,26,2,3.769230769230769,0.07692307692307693
2994,243,33,4.106995884773663,0.13580246913580246
2995,24,6,4.875,0.25
2996,64,22,4.078125,0.34375
2997,152,10,3.8684210526315788,0.06578947368421052
2998,31,9,3.774193548387097,0.2903225806451613
2999,73,19,4.63013698630137,0.2602739726027397
3000,5,0,2.8,0.0
3001,99,13,4.303030303030303,0.13131313131313133
3002,2,1,3.5,0.5
3003,1044,85,4.043103448275862,0.08141762452107279
3004,53,16,4.60377358490566,0.3018867924528302
3005,148,4,3.9054054054054053,0.02702702702702703
3006,31,3,4.064516129032258,0.0967741935483871
3007,4,1,3.75,0.25
3008,4,1,4.75,0.25
3009,24,7,4.375,0.2916666666666667
3010,13,3,2.4615384615384617,0.23076923076923078
3011,33,5,3.9696969696969697,0.15151515151515152
3012,146,24,4.164383561643835,0.1643835616438356
3013,73,9,3.6301369863013697,0.1232876712328767
3014,26,7,3.1153846153846154,0.2692307692307692
3015,4,0,4.0,0.0
3016,1,0,5.0,0.0
3017,1,0,4.0,0.0
3018,1,0,5.0,0.0
3019,5,1,4.6,0.2
3020,3,1,4.333333333333333,0.3333333333333333
3021,754,49,3.9111405835543764,0.0649867374005305
3022,208,17,4.365384615384615,0.08173076923076923
3023,65,6,4.384615384615385,0.09230769230769231
3024,5,3,4.4,0.6
3025,281,57,3.3594306049822062,0.20284697508896798
3026,13,2,4.076923076923077,0.15384615384615385
3027,196,16,3.943877551020408,0.08163265306122448
3028,53,24,3.849056603773585,0.4528301886792453
3029,42,8,3.4523809523809526,0.19047619047619047
3030,1,1,5.0,1.0
3031,699,56,3.8412017167381975,0.08011444921316166
3032,34,10,3.235294117647059,0.29411764705882354
3033,240,36,3.9,0.15
3034,24,2,4.625,0.08333333333333333
3035,3,0,5.0,0.0
3036,32,13,4.625,0.40625
3037,80,6,4.1375,0.075
3038,150,11,4.4,0.07333333333333333
3039,1,1,4.0,1.0
3040,40,8,4.475,0.2
3041,8,0,3.5,0.0
3042,25,4,4.48,0.16
3043,2,0,4.0,0.0
3044,598,43,4.188963210702341,0.07190635451505016
3045,1,1,5.0,1.0
3046,42,2,4.023809523809524,0.047619047619047616
3047,39,5,2.9743589743589745,0.1282051282051282
3048,215,36,3.9674418604651165,0.16744186046511628
3049,32,7,3.46875,0.21875
3050,335,35,3.8417910447761194,0.1044776119402985
3051,56,5,3.482142857142857,0.08928571428571429
3052,6,3,4.333333333333333,0.5
3053,69,12,4.202898550724638,0.17391304347826086
3054,7,3,4.285714285714286,0.42857142857142855
3055,97,20,3.618556701030928,0.20618556701030927
3056,252,39,3.3253968253968256,0.15476190476190477
3057,97,27,3.6082474226804124,0.27835051546391754
3058,26,11,3.5384615384615383,0.4230769230769231
3059,2,0,4.5,0.0
3060,3,0,3.3333333333333335,0.0
3061,1,0,4.0,0.0
3062,22,4,3.590909090909091,0.18181818181818182
3063,2,0,4.0,0.0
3064,1,0,2.0,0.0
3065,264,42,3.9242424242424243,0.1590909090909091
3066,2,0,4.5,0.0
3067,20,8,3.3,0.4
3068,110,9,4.318181818181818,0.08181818181818182
3069,117,27,3.324786324786325,0.23076923076923078
3070,10,1,2.9,0.1
3071,13,0,2.3846153846153846,0.0
3072,28,4,3.5714285714285716,0.14285714285714285
3073,3,2,3.6666666666666665,0.6666666666666666
3074,163,44,3.6319018404907975,0.26993865030674846
3075,927,100,4.3322545846817695,0.10787486515641856
3076,6,0,3.1666666666666665,0.0
3077,3,1,4.666666666666667,0.3333333333333333
3078,100,12,4.31,0.12
3079,4,2,3.75,0.5
3080,239,18,4.150627615062762,0.07531380753138076
3081,338,42,3.710059171597633,0.1242603550295858
3082,363,42,3.677685950413223,0.11570247933884298
3083,83,6,4.554216867469879,0.07228915662650602
3084,4,1,3.0,0.25
3085,254,21,4.122047244094488,0.08267716535433071
3086,5,1,3.4,0.2
3087,2,0,4.0,0.0
3088,1,0,4.0,0.0
3089,7,2,4.428571428571429,0.2857142857142857
3090,5,0,3.4,0.0
3091,8,1,4.125,0.125
3092,164,21,4.378048780487805,0.12804878048780488
3093,25,7,2.4,0.28
3094,262,44,3.984732824427481,0.16793893129770993
3095,189,40,3.857142857142857,0.21164021164021163
3096,94,11,3.9893617021276597,0.11702127659574468
3097,39,8,3.0256410256410255,0.20512820512820512
3098,2,0,4.5,0.0
3099,2,1,5.0,0.5
3100,22,1,4.2727272727272725,0.045454545454545456
3101,3,0,4.666666666666667,0.0
3102,9,2,4.555555555555555,0.2222222222222222
3103,3,1,3.0,0.3333333333333333
3104,117,7,3.9914529914529915,0.05982905982905983
3105,40,8,3.7,0.2
3106,50,3,4.32,0.06
3107,100,10,4.41,0.1
3108,1,1,1.0,1.0
3109,336,51,4.160714285714286,0.15178571428571427
3110,23,3,4.260869565217392,0.13043478260869565
3111,4,0,4.75,0.0
3112,710,71,3.797183098591549,0.1
3113,2,0,3.5,0.0
3114,425,37,4.070588235294117,0.08705882352941176
3115,236,27,4.067796610169491,0.11440677966101695
3116,105,7,4.0285714285714285,0.06666666666666667
3117,137,9,4.299270072992701,0.06569343065693431
3118,7,2,3.7142857142857144,0.2857142857142857
3119,33,4,4.2727272727272725,0.12121212121212122
3120,2,1,4.0,0.5
3121,8,4,2.5,0.5
3122,31,6,3.225806451612903,0.1935483870967742
3123,134,22,3.126865671641791,0.16417910447761194
3124,442,70,4.158371040723982,0.1583710407239819
3125,111,15,3.684684684684685,0.13513513513513514
3126,29,8,3.310344827586207,0.27586206896551724
3127,92,10,3.9456521739130435,0.10869565217391304
3128,460,53,3.3978260869565218,0.11521739130434783
3129,440,48,3.838636363636364,0.10909090909090909
3130,67,18,3.91044776119403,0.26865671641791045
3131,193,16,4.020725388601036,0.08290155440414508
3132,74,6,4.445945945945946,0.08108108108108109
3133,4,0,4.25,0.0
3134,4,2,4.25,0.5
3135,343,44,3.892128279883382,0.1282798833819242
3136,3935,541,3.7461245235069884,0.1374841168996188
3137,192,35,4.328125,0.18229166666666666
3138,1,0,5.0,0.0
3139,32,3,3.03125,0.09375
3140,35,1,4.114285714285714,0.02857142857142857
3141,3,0,1.3333333333333333,0.0
3142,121,8,3.56198347107438,0.06611570247933884
3143,2,0,5.0,0.0
3144,9,0,3.6666666666666665,0.0
3145,4,3,4.5,0.75
3146,3,2,3.3333333333333335,0.6666666666666666
3147,2,0,4.5,0.0
3148,8,2,4.25,0.25
3149,3,1,4.333333333333333,0.3333333333333333
3150,35,20,4.228571428571429,0.5714285714285714
3151,425,43,3.847058823529412,0.1011764705882353
3152,13,2,3.4615384615384617,0.15384615384615385
3153,221,12,4.135746606334842,0.05429864253393665
3154,219,22,3.65296803652968,0.1004566210045662
3155,2,0,3.5,0.0
3156,236,21,3.309322033898305,0.08898305084745763
3157,1,0,4.0,0.0
3158,2,1,5.0,0.5
3159,240,18,3.85,0.075
3160,70,7,3.742857142857143,0.1
3161,36,2,4.555555555555555,0.05555555555555555
3162,144,22,4.208333333333333,0.1527777777777778
3163,4,0,3.5,0.0
3164,429,36,3.8275058275058274,0.08391608391608392
3165,13,3,4.615384615384615,0.23076923076923078
3166,397,21,4.07808564231738,0.05289672544080604
3167,1,1,1.0,1.0
3168,44,10,4.590909090909091,0.22727272727272727
3169,40,11,2.55,0.275
3170,35,19,3.9714285714285715,0.5428571428571428
3171,8,1,3.75,0.125
3172,4,1,3.75,0.25
3173,255,43,4.486274509803922,0.16862745098039217
3174,3,0,4.666666666666667,0.0
3175,35,5,2.942857142857143,0.14285714285714285
3176,1656,155,3.910024154589372,0.09359903381642512
3177,139,10,4.0503597122302155,0.07194244604316546
3178,417,42,4.136690647482014,0.10071942446043165
3179,85,17,4.117647058823529,0.2
3180,655,71,4.2870229007633585,0.1083969465648855
3181,92,13,4.206521739130435,0.14130434782608695
3182,298,6,4.063758389261745,0.020134228187919462
3183,118,10,3.847457627118644,0.0847457627118644
3184,6,1,4.5,0.16666666666666666
3185,2,1,4.5,0.5
3186,75,7,4.266666666666667,0.09333333333333334
3187,37,6,3.108108108108108,0.16216216216216217
3188,1224,80,4.049019607843137,0.06535947712418301
3189,57,28,3.2280701754385963,0.49122807017543857
3190,10,1,2.6,0.1
3191,47,33,3.9574468085106385,0.7021276595744681
3192,12,1,3.0833333333333335,0.08333333333333333
3193,26,6,4.769230769230769,0.23076923076923078
3194,1033,101,3.796708615682478,0.09777347531461762
3195,16,7,3.1875,0.4375
3196,1,1,1.0,1.0
3197,18,3,4.5,0.16666666666666666
3198,19,2,4.631578947368421,0.10526315789473684
3199,457,61,4.00218818380744,0.13347921225382933
3200,81,10,4.333333333333333,0.12345679012345678
3201,17,15,4.294117647058823,0.8823529411764706
3202,7,3,3.4285714285714284,0.42857142857142855
3203,30,10,2.6666666666666665,0.3333333333333333
3204,9,1,3.6666666666666665,0.1111111111111111
3205,184,26,3.407608695652174,0.14130434782608695
3206,16,2,3.0,0.125
3207,116,13,4.318965517241379,0.11206896551724138
3208,86,16,4.162790697674419,0.18604651162790697
3209,133,28,3.7142857142857144,0.21052631578947367
3210,80,10,3.475,0.125
3211,492,32,3.813008130081301,0.06504065040650407
3212,166,33,4.036144578313253,0.19879518072289157
3213,181,58,3.0552486187845305,0.32044198895027626
3214,275,19,3.88,0.06909090909090909
3215,2072,409,4.1278957528957525,0.1973938223938224
3216,2,1,5.0,0.5
3217,924,65,4.1352813852813854,0.07034632034632035
3218,4,2,3.5,0.5
3219,3,0,3.3333333333333335,0.0
3220,12,1,2.8333333333333335,0.08333333333333333
3221,35,21,4.0285714285714285,0.6
3222,895,141,3.7709497206703912,0.15754189944134078
3223,3,0,2.0,0.0
3224,35,4,4.314285714285714,0.11428571428571428
3225,371,27,4.318059299191375,0.07277628032345014
3226,68,12,2.9411764705882355,0.17647058823529413
3227,6,1,1.8333333333333333,0.16666666666666666
3228,14,9,3.2857142857142856,0.6428571428571429
3229,250,29,3.504,0.116
3230,1,0,4.0,0.0
3231,31,16,3.5161290322580645,0.5161290322580645
3232,4,0,4.0,0.0
3233,95,7,4.252631578947368,0.07368421052631578
3234,506,41,3.766798418972332,0.08102766798418973
3235,18,7,4.055555555555555,0.3888888888888889
3236,86,9,3.9302325581395348,0.10465116279069768
3237,4716,701,3.9446564885496183,0.1486429177268872
3238,385,33,4.106493506493506,0.08571428571428572
3239,28,7,3.892857142857143,0.25
3240,98,14,4.336734693877551,0.14285714285714285
3241,1,0,5.0,0.0
3242,9,3,4.777777777777778,0.3333333333333333
3243,1,1,5.0,1.0
3244,34,9,3.1176470588235294,0.2647058823529412
3245,7,0,4.142857142857143,0.0
3246,3,2,2.3333333333333335,0.6666666666666666
3247,4,0,3.0,0.0
3248,22,2,4.136363636363637,0.09090909090909091
3249,17,2,3.0588235294117645,0.11764705882352941
3250,59,9,4.169491525423729,0.15254237288135594
3251,154,23,3.844155844155844,0.14935064935064934
3252,25,5,3.04,0.2
3253,3,0,2.0,0.0
3254,473,48,3.572938689217759,0.1014799154334038
3255,107,28,4.299065420560748,0.2616822429906542
3256,18,5,3.9444444444444446,0.2777777777777778
3257,68,10,4.132352941176471,0.14705882352941177
3258,6,2,2.1666666666666665,0.3333333333333333
3259,1047,43,4.032473734479465,0.041069723018147083
3260,37,2,3.972972972972973,0.05405405405405406
3261,4,2,4.0,0.5
3262,426,45,4.384976525821596,0.1056338028169014
3263,317,57,3.829652996845426,0.17981072555205047
3264,43,8,3.8372093023255816,0.18604651162790697
3265,775,38,4.312258064516129,0.04903225806451613
3266,31,7,4.580645161290323,0.22580645161290322
3267,980,71,3.8989795918367345,0.07244897959183673
3268,365,64,3.9068493150684933,0.17534246575342466
3269,5,1,3.8,0.2
3270,25,6,4.52,0.24
3271,59,15,3.8813559322033897,0.2542372881355932
3272,89,14,4.325842696629214,0.15730337078651685
3273,14,7,4.428571428571429,0.5
3274,30,4,2.933333333333333,0.13333333333333333
3275,102,9,4.0,0.08823529411764706
3276,5,0,2.6,0.0
3277,22,2,4.318181818181818,0.09090909090909091
3278,14,2,3.9285714285714284,0.14285714285714285
3279,200,28,4.135,0.14
3280,34,11,4.235294117647059,0.3235294117647059
3281,173,15,4.132947976878612,0.08670520231213873
3282,59,18,3.152542372881356,0.3050847457627119
3283,63,15,4.126984126984127,0.23809523809523808
3284,10,3,2.0,0.3
3285,40,10,3.2,0.25
3286,178,16,3.837078651685393,0.0898876404494382
3287,2,1,3.0,0.5
3288,2,1,5.0,0.5
3289,31,4,4.258064516129032,0.12903225806451613
3290,74,13,3.7567567567567566,0.17567567567567569
3291,2,1,5.0,0.5
3292,8,8,4.875,1.0
3293,230,28,3.708695652173913,0.12173913043478261
3294,432,24,3.763888888888889,0.05555555555555555
3295,210,37,3.9095238095238094,0.1761904761904762
3296,1,0,1.0,0.0
3297,905,104,4.015469613259668,0.11491712707182321
3298,12,2,2.3333333333333335,0.16666666666666666
3299,89,10,4.370786516853933,0.11235955056179775
3300,10,2,4.1,0.2
3301,87,10,4.264367816091954,0.11494252873563218
3302,20,3,4.3,0.15
3303,19,7,4.473684210526316,0.3684210526315789
3304,398,22,4.007537688442211,0.05527638190954774
3305,112,21,3.9910714285714284,0.1875
3306,601,40,3.9916805324459235,0.06655574043261231
3307,3,3,3.3333333333333335,1.0
3308,16,4,4.375,0.25
3309,497,53,3.903420523138833,0.10663983903420524
3310,9,1,3.0,0.1111111111111111
3311,64,17,4.015625,0.265625
3312,728,64,3.690934065934066,0.08791208791208792
3313,33,3,3.6363636363636362,0.09090909090909091
3314,863,106,4.123986095017381,0.12282734646581692
3315,402,30,3.9751243781094527,0.07462686567164178
3316,46,12,3.9130434782608696,0.2608695652173913
3317,1461,158,4.375085557837098,0.108145106091718
3318,2536,183,4.337145110410095,0.0721608832807571
3319,3,1,3.0,0.3333333333333333
3320,150,9,4.08,0.06
3321,14,0,3.857142857142857,0.0
3322,3,3,5.0,1.0
3323,4,0,2.5,0.0
3324,7,3,2.7142857142857144,0.42857142857142855
3325,177,10,4.15819209039548,0.05649717514124294
3326,79,12,3.050632911392405,0.1518987341772152
3327,14,4,4.571428571428571,0.2857142857142857
3328,166,24,4.072289156626506,0.14457831325301204
3329,457,49,4.065645514223195,0.10722100656455143
3330,23,2,4.173913043478261,0.08695652173913043
3331,41,16,3.902439024390244,0.3902439024390244
3332,100,38,3.79,0.38
3333,45,13,4.2444444444444445,0.28888888888888886
3334,86,13,3.4767441860465116,0.1511627906976744
3335,22,5,3.6818181818181817,0.22727272727272727
3336,23,2,4.826086956521739,0.08695652173913043
3337,33,7,3.606060606060606,0.21212121212121213
3338,54,15,4.314814814814815,0.2777777777777778
3339,169,17,3.727810650887574,0.10059171597633136
3340,217,26,3.7649769585253456,0.11981566820276497
3341,149,27,4.3624161073825505,0.18120805369127516
3342,5,2,4.0,0.4
3343,339,63,3.4926253687315634,0.18584070796460178
3344,28,9,4.464285714285714,0.32142857142857145
3345,233,17,3.832618025751073,0.07296137339055794
3346,36,4,4.194444444444445,0.1111111111111111
3347,1,0,5.0,0.0
3348,180,37,4.05,0.20555555555555555
3349,219,20,4.036529680365297,0.091324200913242
3350,184,27,3.3260869565217392,0.14673913043478262
3351,74,15,4.135135135135135,0.20270270270270271
3352,1,1,5.0,1.0
3353,82,28,3.926829268292683,0.34146341463414637
3354,125,3,4.016,0.024
3355,553,61,4.106690777576854,0.11030741410488246
3356,5,1,4.0,0.2
3357,32,5,3.75,0.15625
3358,13,3,3.6923076923076925,0.23076923076923078
3359,73,33,3.4246575342465753,0.4520547945205479
3360,6,0,2.1666666666666665,0.0
3361,123,25,3.869918699186992,0.2032520325203252
3362,6,2,3.5,0.3333333333333333
3363,2,2,5.0,1.0
3364,18,2,3.0555555555555554,0.1111111111111111
3365,18,2,3.0555555555555554,0.1111111111111111
3366,1,0,4.0,0.0
3367,42,4,4.190476190476191,0.09523809523809523
3368,67,24,3.2388059701492535,0.3582089552238806
3369,95,16,4.294736842105263,0.16842105263157894
3370,12,2,2.1666666666666665,0.16666666666666666
3371,96,19,4.333333333333333,0.19791666666666666
3372,39,4,4.0,0.10256410256410256
3373,24,0,2.7916666666666665,0.0
3374,33,7,4.545454545454546,0.21212121212121213
3375,118,6,4.330508474576271,0.05084745762711865
3376,95,25,4.221052631578948,0.2631578947368421
3377,1,0,1.0,0.0
3378,2,0,3.0,0.0
3379,16,1,3.8125,0.0625
3380,144,8,4.020833333333333,0.05555555555555555
3381,55,19,3.4363636363636365,0.34545454545454546
3382,60,3,3.9,0.05
3383,62,10,4.241935483870968,0.16129032258064516
3384,28,4,3.8214285714285716,0.14285714285714285
3385,45,13,3.7777777777777777,0.28888888888888886
3386,199,26,3.899497487437186,0.1306532663316583
3387,29,7,4.344827586206897,0.2413793103448276
3388,66,1,4.090909090909091,0.015151515151515152
3389,64,12,3.625,0.1875
3390,2,0,3.5,0.0
3391,3,0,2.0,0.0
3392,184,41,3.8967391304347827,0.22282608695652173
3393,9,0,3.888888888888889,0.0
3394,179,20,4.094972067039106,0.11173184357541899
3395,154,9,4.142857142857143,0.05844155844155844
3396,3,2,4.666666666666667,0.6666666666666666
3397,19,9,3.4210526315789473,0.47368421052631576
3398,92,6,4.380434782608695,0.06521739130434782
3399,4,1,3.0,0.25
3400,48,13,3.3333333333333335,0.2708333333333333
3401,8,2,4.0,0.25
3402,26,2,3.0,0.07692307692307693
3403,5,1,4.4,0.2
3404,388,38,4.353092783505154,0.0979381443298969
3405,1,0,5.0,0.0
3406,2,0,3.0,0.0
3407,1,0,1.0,0.0
3408,26,3,2.6538461538461537,0.11538461538461539
3409,150,14,4.1466666666666665,0.09333333333333334
3410,8,0,5.0,0.0
3411,21,0,4.095238095238095,0.0
3412,30,5,4.433333333333334,0.16666666666666666
3413,158,19,4.044303797468355,0.12025316455696203
3414,22,7,3.772727272727273,0.3181818181818182
3415,11,2,3.909090909090909,0.18181818181818182
3416,12,0,4.666666666666667,0.0
3417,7,0,3.857142857142857,0.0
3418,31,5,3.7096774193548385,0.16129032258064516
3419,28,4,3.892857142857143,0.14285714285714285
3420,13,4,3.8461538461538463,0.3076923076923077
3421,213,10,3.9812206572769955,0.046948356807511735
3422,2,1,4.0,0.5
3423,71,12,3.1267605633802815,0.16901408450704225
3424,42,13,3.2857142857142856,0.30952380952380953
3425,14,6,3.357142857142857,0.42857142857142855
3426,202,29,4.2772277227722775,0.14356435643564355
3427,17,4,2.2941176470588234,0.23529411764705882
3428,1,0,1.0,0.0
3429,8,2,3.875,0.25
3430,7,1,4.428571428571429,0.14285714285714285
3431,1,0,3.0,0.0
3432,20,4,4.1,0.2
3433,101,17,2.3267326732673266,0.16831683168316833
3434,1,1,4.0,1.0
3435,53,11,3.6226415094339623,0.20754716981132076
3436,1,0,1.0,0.0
3437,72,21,4.208333333333333,0.2916666666666667
3438,10,3,1.9,0.3
3439,313,31,3.9936102236421727,0.09904153354632587
3440,3,1,3.6666666666666665,0.3333333333333333
3441,36,3,4.583333333333333,0.08333333333333333
3442,73,13,4.219178082191781,0.1780821917808219
3443,20,3,3.65,0.15
3444,1,0,4.0,0.0
3445,338,34,3.837278106508876,0.10059171597633136
3446,9,2,3.888888888888889,0.2222222222222222
3447,13,5,4.846153846153846,0.38461538461538464
3448,103,14,3.7184466019417477,0.13592233009708737
3449,37,3,3.945945945945946,0.08108108108108109
3450,15,6,3.6666666666666665,0.4
3451,59,13,4.0,0.22033898305084745
3452,17,1,4.882352941176471,0.058823529411764705
3453,193,18,4.507772020725389,0.09326424870466321
3454,260,38,4.092307692307692,0.14615384615384616
3455,1,0,2.0,0.0
3456,4,1,4.25,0.25
3457,62,10,4.67741935483871,0.16129032258064516
3458,3,1,3.0,0.3333333333333333
3459,24,3,4.166666666666667,0.125
3460,1,0,4.0,0.0
3461,106,18,3.4245283018867925,0.16981132075471697
3462,6,1,3.8333333333333335,0.16666666666666666
3463,11,1,2.5454545454545454,0.09090909090909091
3464,33,10,3.6363636363636362,0.30303030303030304
3465,149,24,4.510067114093959,0.1610738255033557
3466,87,21,3.5402298850574714,0.2413793103448276
3467,51,11,4.176470588235294,0.21568627450980393
3468,1,0,4.0,0.0
3469,41,22,1.8048780487804879,0.5365853658536586
3470,5,1,3.0,0.2
3471,8,4,3.125,0.5
3472,8,2,2.375,0.25
3473,387,39,3.839793281653747,0.10077519379844961
3474,26,6,4.038461538461538,0.23076923076923078
3475,1,0,1.0,0.0
3476,56,12,3.6607142857142856,0.21428571428571427
3477,45,12,3.2888888888888888,0.26666666666666666
3478,12,3,4.416666666666667,0.25
3479,4,1,3.5,0.25
3480,7,1,2.142857142857143,0.14285714285714285
3481,43,17,3.046511627906977,0.3953488372093023
3482,122,20,3.1885245901639343,0.16393442622950818
3483,778,57,4.208226221079691,0.07326478149100257
3484,40,9,3.9,0.225
3485,11,2,4.7272727272727275,0.18181818181818182
3486,12,8,3.9166666666666665,0.6666666666666666
3487,21,6,3.2857142857142856,0.2857142857142857
3488,35,8,3.6,0.22857142857142856
3489,79,13,3.2658227848101267,0.16455696202531644
3490,53,19,4.09433962264151,0.3584905660377358
3491,944,94,4.044491525423729,0.09957627118644068
3492,1,0,4.0,0.0
3493,221,14,4.280542986425339,0.06334841628959276
3494,522,29,3.9636015325670497,0.05555555555555555
3495,998,155,3.9929859719438876,0.15531062124248496
3496,59,12,3.5254237288135593,0.2033898305084746
3497,36,9,4.444444444444445,0.25
3498,11,3,4.2727272727272725,0.2727272727272727
3499,40,19,3.25,0.475
3500,14,3,4.071428571428571,0.21428571428571427
3501,116,25,3.6810344827586206,0.21551724137931033
3502,60,23,3.15,0.38333333333333336
3503,35,5,4.4,0.14285714285714285
3504,57,6,4.4035087719298245,0.10526315789473684
3505,35,5,2.8,0.14285714285714285
3506,3,2,3.0,0.6666666666666666
3507,24,8,3.5416666666666665,0.3333333333333333
3508,226,23,3.734513274336283,0.10176991150442478
3509,437,49,4.146453089244852,0.11212814645308924
3510,3,0,4.0,0.0
3511,90,2,4.055555555555555,0.022222222222222223
3512,10,1,3.7,0.1
3513,31,10,3.4516129032258065,0.3225806451612903
3514,66,15,3.287878787878788,0.22727272727272727
3515,2,1,5.0,0.5
3516,43,6,4.093023255813954,0.13953488372093023
3517,212,23,4.382075471698113,0.10849056603773585
3518,74,5,4.513513513513513,0.06756756756756757
3519,123,11,4.170731707317073,0.08943089430894309
3520,38,8,4.184210526315789,0.21052631578947367
3521,8,0,3.375,0.0
3522,275,49,3.5490909090909093,0.1781818181818182
3523,86,12,4.104651162790698,0.13953488372093023
3524,1,0,3.0,0.0
3525,12,2,3.0833333333333335,0.16666666666666666
3526,592,44,4.077702702702703,0.07432432432432433
3527,10,6,1.6,0.6
3528,480,31,3.76875,0.06458333333333334
3529,15,0,4.466666666666667,0.0
3530,30,6,3.6333333333333333,0.2
3531,32,5,3.03125,0.15625
3532,20,2,4.0,0.1
3533,27,1,4.074074074074074,0.037037037037037035
3534,54,5,4.814814814814815,0.09259259259259259
3535,1,0,4.0,0.0
3536,729,63,3.8957475994513033,0.08641975308641975
3537,13,2,4.769230769230769,0.15384615384615385
3538,41,9,3.731707317073171,0.21951219512195122
3539,1,1,5.0,1.0
3540,1,0,1.0,0.0
3541,19,1,3.789473684210526,0.05263157894736842
3542,1,0,5.0,0.0
3543,8,0,3.5,0.0
3544,426,62,4.26056338028169,0.14553990610328638
3545,320,27,4.4375,0.084375
3546,119,19,4.016806722689076,0.15966386554621848
3547,11,3,3.6363636363636362,0.2727272727272727
3548,146,20,4.267123287671233,0.136986301369863
3549,100,26,3.12,0.26
3550,29,11,3.586206896551724,0.3793103448275862
3551,25,10,2.0,0.4
3552,270,63,4.281481481481482,0.23333333333333334
3553,3,0,4.0,0.0
3554,10,4,4.3,0.4
3555,56,21,4.25,0.375
3556,13,1,4.538461538461538,0.07692307692307693
3557,11,2,3.6363636363636362,0.18181818181818182
3558,2,0,2.0,0.0
3559,611,51,4.1783960720130935,0.08346972176759411
3560,98,33,3.63265306122449,0.336734693877551
3561,5,4,5.0,0.8
3562,1,1,5.0,1.0
3563,26,4,3.5,0.15384615384615385
3564,19,6,3.6315789473684212,0.3157894736842105
3565,26,9,4.269230769230769,0.34615384615384615
3566,8,3,3.5,0.375
3567,968,82,3.699380165289256,0.08471074380165289
3568,97,4,4.34020618556701,0.041237113402061855
3569,101,4,3.8217821782178216,0.039603960396039604
3570,46,15,4.3478260869565215,0.32608695652173914
3571,65,18,3.4,0.27692307692307694
3572,15,4,3.533333333333333,0.26666666666666666
3573,2,0,3.0,0.0
3574,95,11,4.0,0.11578947368421053
3575,5,1,4.6,0.2
3576,662,70,4.19939577039275,0.10574018126888217
3577,15,2,4.2,0.13333333333333333
3578,27,18,2.814814814814815,0.6666666666666666
3579,195,28,4.194871794871795,0.14358974358974358
3580,152,52,3.2960526315789473,0.34210526315789475
3581,12,0,4.916666666666667,0.0
3582,1683,211,3.792038027332145,0.12537136066547833
3583,9,3,2.888888888888889,0.3333333333333333
3584,4,0,4.25,0.0
3585,129,38,3.054263565891473,0.29457364341085274
3586,399,51,4.087719298245614,0.12781954887218044
3587,14,2,3.4285714285714284,0.14285714285714285
3588,27,11,3.1481481481481484,0.4074074074074074
3589,10,3,1.8,0.3
3590,167,9,3.7784431137724552,0.05389221556886228
3591,9,0,2.4444444444444446,0.0
3592,58,3,4.327586206896552,0.05172413793103448
3593,64,31,3.03125,0.484375
3594,59,10,4.728813559322034,0.1694915254237288
3595,16,4,4.0625,0.25
3596,28,8,3.5357142857142856,0.2857142857142857
3597,17,7,2.9411764705882355,0.4117647058823529
3598,293,32,3.8907849829351537,0.10921501706484642
3599,8,0,4.0,0.0
3600,2,1,1.5,0.5
3601,661,85,4.2329803328290465,0.12859304084720122
3602,19,0,3.9473684210526314,0.0
3603,44,17,2.75,0.38636363636363635
3604,211,25,3.5734597156398102,0.11848341232227488
3605,1,0,4.0,0.0
3606,10,1,3.4,0.1
3607,44,6,4.909090909090909,0.13636363636363635
3608,8,2,3.75,0.25
3609,10,2,3.8,0.2
3610,45,0,2.3777777777777778,0.0
3611,71,8,3.6901408450704225,0.11267605633802817
3612,85,16,3.4,0.18823529411764706
3613,201,26,3.3383084577114426,0.12935323383084577
3614,444,69,3.945945945945946,0.1554054054054054
3615,606,80,4.305280528052806,0.132013201320132
3616,59,24,3.7288135593220337,0.4067796610169492
3617,15,0,4.6,0.0
3618,1834,98,3.8642311886586698,0.05343511450381679
3619,266,37,3.454887218045113,0.13909774436090225
3620,4,1,2.0,0.25
3621,23,13,2.869565217391304,0.5652173913043478
3622,104,9,4.163461538461538,0.08653846153846154
3623,2,1,4.0,0.5
3624,12,4,3.4166666666666665,0.3333333333333333
3625,106,12,4.132075471698113,0.11320754716981132
3626,8,1,3.75,0.125
3627,13,2,3.769230769230769,0.15384615384615385
3628,297,19,4.279461279461279,0.06397306397306397
3629,3,0,4.333333333333333,0.0
3630,3,0,2.3333333333333335,0.0
3631,57,15,4.228070175438597,0.2631578947368421
3632,361,45,3.9418282548476453,0.12465373961218837
3633,3,1,3.3333333333333335,0.3333333333333333
3634,8,3,3.625,0.375
3635,40,11,3.825,0.275
3636,13,1,3.8461538461538463,0.07692307692307693
3637,146,31,3.4863013698630136,0.21232876712328766
3638,2,1,4.5,0.5
3639,2,1,2.0,0.5
3640,128,24,3.828125,0.1875
3641,261,27,4.291187739463601,0.10344827586206896
3642,14,5,3.2142857142857144,0.35714285714285715
3643,7,0,4.714285714285714,0.0
3644,1,0,4.0,0.0
3645,43,17,3.86046511627907,0.3953488372093023
3646,281,34,3.807829181494662,0.12099644128113879
3647,23,11,4.434782608695652,0.4782608695652174
3648,24,1,4.333333333333333,0.041666666666666664
3649,18,1,4.222222222222222,0.05555555555555555
3650,608,54,3.9901315789473686,0.08881578947368421
3651,48,13,3.0416666666666665,0.2708333333333333
3652,1,0,2.0,0.0
3653,218,30,3.591743119266055,0.13761467889908258
3654,51,6,3.2941176470588234,0.11764705882352941
3655,95,20,3.663157894736842,0.21052631578947367
3656,23,13,3.260869565217391,0.5652173913043478
3657,36,4,3.9722222222222223,0.1111111111111111
3658,71,17,4.112676056338028,0.23943661971830985
3659,72,10,3.2777777777777777,0.1388888888888889
3660,157,19,3.573248407643312,0.12101910828025478
3661,18,5,3.5,0.2777777777777778
3662,30,7,2.7333333333333334,0.23333333333333334
3663,113,20,3.2920353982300883,0.17699115044247787
3664,11,4,2.4545454545454546,0.36363636363636365
3665,4,1,4.75,0.25
3666,4,0,3.25,0.0
3667,26,9,3.3461538461538463,0.34615384615384615
3668,411,32,3.834549878345499,0.07785888077858881
3669,4,1,4.75,0.25
3670,264,13,3.859848484848485,0.04924242424242424
3671,6,1,4.333333333333333,0.16666666666666666
3672,168,35,3.4702380952380953,0.20833333333333334
3673,6,2,3.6666666666666665,0.3333333333333333
3674,1,1,1.0,1.0
3675,10,3,4.8,0.3
3676,4,0,4.25,0.0
3677,952,100,3.9254201680672267,0.10504201680672269
3678,16,2,3.0625,0.125
3679,196,23,3.6581632653061225,0.11734693877551021
3680,64,13,2.609375,0.203125
3681,11,2,4.2727272727272725,0.18181818181818182
3682,19,2,3.8947368421052633,0.10526315789473684
3683,9,1,3.111111111111111,0.1111111111111111
3684,1150,71,4.1347826086956525,0.06173913043478261
3685,466,24,3.9527896995708156,0.05150214592274678
3686,103,5,4.058252427184466,0.04854368932038835
3687,39,20,3.128205128205128,0.5128205128205128
3688,63,5,3.7936507936507935,0.07936507936507936
3689,186,38,4.408602150537634,0.20430107526881722
3690,322,29,4.12111801242236,0.09006211180124224
3691,41,13,2.8536585365853657,0.3170731707317073
3692,10,0,3.2,0.0
3693,197,39,3.6751269035532994,0.19796954314720813
3694,7,1,4.0,0.14285714285714285
3695,1,0,5.0,0.0
3696,8,3,4.25,0.375
3697,94,14,3.521276595744681,0.14893617021276595
3698,2,2,5.0,1.0
3699,123,34,3.6910569105691056,0.2764227642276423
3700,3,2,5.0,0.6666666666666666
3701,48,11,3.6458333333333335,0.22916666666666666
3702,649,82,3.9275808936825887,0.1263482280431433
3703,30,18,3.1333333333333333,0.6
3704,136,28,3.8970588235294117,0.20588235294117646
3705,7,5,3.5714285714285716,0.7142857142857143
3706,3,1,4.333333333333333,0.3333333333333333
3707,5,0,3.2,0.0
3708,716,54,3.810055865921788,0.07541899441340782
3709,5,0,3.8,0.0
3710,200,19,3.945,0.095
3711,127,30,3.4960629921259843,0.23622047244094488
3712,56,7,3.0,0.125
3713,176,42,3.9943181818181817,0.23863636363636365
3714,114,29,3.973684210526316,0.2543859649122807
3715,504,34,4.103174603174603,0.06746031746031746
3716,32,4,2.40625,0.125
3717,5,0,2.6,0.0
3718,157,9,4.057324840764331,0.05732484076433121
3719,21,6,2.4285714285714284,0.2857142857142857
3720,27,0,4.037037037037037,0.0
3721,5,1,4.6,0.2
3722,19,5,4.421052631578948,0.2631578947368421
3723,76,11,3.6184210526315788,0.14473684210526316
3724,34,3,4.176470588235294,0.08823529411764706
3725,27,4,3.925925925925926,0.14814814814814814
3726,1,0,4.0,0.0
3727,145,15,4.517241379310345,0.10344827586206896
3728,244,31,4.364754098360656,0.12704918032786885
3729,7,1,3.5714285714285716,0.14285714285714285
3730,133,22,4.2556390977443606,0.16541353383458646
3731,34,9,2.4411764705882355,0.2647058823529412
3732,11,1,4.818181818181818,0.09090909090909091
3733,381,49,3.905511811023622,0.12860892388451445
3734,13,1,3.923076923076923,0.07692307692307693
3735,124,21,4.362903225806452,0.1693548387096774
3736,93,23,4.129032258064516,0.24731182795698925
3737,136,26,3.588235294117647,0.19117647058823528
3738,66,7,4.424242424242424,0.10606060606060606
3739,11,3,4.090909090909091,0.2727272727272727
3740,142,17,3.936619718309859,0.11971830985915492
3741,7,4,3.5714285714285716,0.5714285714285714
3742,1,0,4.0,0.0
3743,11,1,4.090909090909091,0.09090909090909091
3744,5,1,4.4,0.2
3745,7378,704,4.073597180807807,0.09541881268636487
3746,306,21,4.310457516339869,0.06862745098039216
3747,59,7,4.322033898305085,0.11864406779661017
3748,3,0,1.3333333333333333,0.0
3749,46,9,3.5217391304347827,0.1956521739130435
3750,28,12,3.607142857142857,0.42857142857142855
3751,20,2,4.0,0.1
3752,4,2,5.0,0.5
3753,64,18,3.140625,0.28125
3754,351,46,3.9914529914529915,0.13105413105413105
3755,261,21,4.099616858237548,0.08045977011494253
3756,49,16,3.5918367346938775,0.32653061224489793
3757,3,1,3.3333333333333335,0.3333333333333333
3758,91,28,3.791208791208791,0.3076923076923077
3759,75,17,3.2533333333333334,0.22666666666666666
3760,735,95,3.7387755102040816,0.1292517006802721
3761,2,1,5.0,0.5
3762,25,11,3.96,0.44
3763,389,21,3.7403598971722367,0.05398457583547558
3764,7,0,4.0,0.0
3765,45,6,3.977777777777778,0.13333333333333333
3766,5,2,3.2,0.4
3767,824,40,3.8325242718446604,0.04854368932038835
3768,1367,101,3.5757132406730068,0.07388441843452817
3769,124,32,4.411290322580645,0.25806451612903225
3770,54,14,3.2222222222222223,0.25925925925925924
3771,14,2,3.2857142857142856,0.14285714285714285
3772,14,8,3.642857142857143,0.5714285714285714
3773,16,3,3.6875,0.1875
3774,5,0,3.2,0.0
3775,35,10,4.085714285714285,0.2857142857142857
3776,252,21,3.1507936507936507,0.08333333333333333
3777,27,5,4.62962962962963,0.18518518518518517
3778,289,47,3.7024221453287196,0.16262975778546712
3779,7,1,4.0,0.14285714285714285
3780,4,1,3.25,0.25
3781,1,1,4.0,1.0
3782,461,50,4.494577006507592,0.10845986984815618
3783,22,1,4.181818181818182,0.045454545454545456
3784,36,11,3.4444444444444446,0.3055555555555556
3785,60,16,3.816666666666667,0.26666666666666666
3786,19,5,3.8947368421052633,0.2631578947368421
3787,925,47,4.063783783783784,0.05081081081081081
3788,4,1,5.0,0.25
3789,124,21,4.217741935483871,0.1693548387096774
3790,242,37,3.62396694214876,0.15289256198347106
3791,892,100,3.9730941704035874,0.11210762331838565
3792,2,0,3.0,0.0
3793,27,6,3.2222222222222223,0.2222222222222222
3794,12,4,2.8333333333333335,0.3333333333333333
3795,1,0,2.0,0.0
3796,10,1,1.5,0.1
3797,1,0,1.0,0.0
3798,4,1,4.75,0.25
3799,13,5,4.076923076923077,0.38461538461538464
3800,262,18,4.244274809160306,0.06870229007633588
3801,7,2,4.428571428571429,0.2857142857142857
3802,139,8,4.158273381294964,0.05755395683453238
3803,17,4,3.4705882352941178,0.23529411764705882
3804,14,4,3.142857142857143,0.2857142857142857
3805,177,12,3.8192090395480225,0.06779661016949153
3806,432,42,3.9537037037037037,0.09722222222222222
3807,2,0,5.0,0.0
3808,95,18,4.105263157894737,0.18947368421052632
3809,22,12,2.772727272727273,0.5454545454545454
3810,2,0,5.0,0.0
3811,93,13,3.225806451612903,0.13978494623655913
3812,1,0,5.0,0.0
3813,11,4,3.727272727272727,0.36363636363636365
3814,13,4,4.230769230769231,0.3076923076923077
3815,4,1,2.5,0.25
3816,25,14,3.88,0.56
3817,37,24,2.3513513513513513,0.6486486486486487
3818,7,1,4.142857142857143,0.14285714285714285
3819,7,1,3.857142857142857,0.14285714285714285
3820,8,2,2.5,0.25
3821,1,0,5.0,0.0
3822,117,29,4.136752136752137,0.24786324786324787
3823,1,1,4.0,1.0
3824,74,1,3.891891891891892,0.013513513513513514
3825,92,9,4.206521739130435,0.09782608695652174
3826,94,15,3.5638297872340425,0.1595744680851064
3827,15,2,2.8666666666666667,0.13333333333333333
3828,60,10,3.216666666666667,0.16666666666666666
3829,27,3,4.185185185185185,0.1111111111111111
3830,19,3,3.473684210526316,0.15789473684210525
3831,1,1,1.0,1.0
3832,39,3,3.7948717948717947,0.07692307692307693
3833,76,9,4.2368421052631575,0.11842105263157894
3834,305,15,3.944262295081967,0.04918032786885246
3835,4,2,3.0,0.5
3836,102,5,3.9215686274509802,0.049019607843137254
3837,671,44,4.351713859910581,0.06557377049180328
3838,251,23,4.083665338645418,0.09163346613545817
3839,541,43,3.700554528650647,0.07948243992606285
3840,4,0,4.25,0.0
3841,85,14,3.541176470588235,0.16470588235294117
3842,31,15,3.4838709677419355,0.4838709677419355
3843,179,20,3.430167597765363,0.11173184357541899
3844,323,16,3.7739938080495357,0.04953560371517028
3845,81,31,3.5308641975308643,0.38271604938271603
3846,200,44,3.6,0.22
3847,44,6,4.0227272727272725,0.13636363636363635
3848,5,0,3.8,0.0
3849,83,5,4.228915662650603,0.060240963855421686
3850,1,0,4.0,0.0
3851,34,1,3.911764705882353,0.029411764705882353
3852,257,42,3.6614785992217898,0.16342412451361868
3853,78,16,3.6923076923076925,0.20512820512820512
3854,135,8,4.162962962962963,0.05925925925925926
3855,37,7,4.405405405405405,0.1891891891891892
3856,1,1,5.0,1.0
3857,37,7,3.945945945945946,0.1891891891891892
3858,342,38,3.9941520467836256,0.1111111111111111
3859,135,35,3.6074074074074076,0.25925925925925924
3860,2,1,4.0,0.5
3861,8,1,4.125,0.125
3862,2,0,2.5,0.0
3863,117,35,3.47008547008547,0.29914529914529914
3864,478,50,4.102510460251046,0.10460251046025104
3865,53,5,3.1320754716981134,0.09433962264150944
3866,117,21,3.4444444444444446,0.1794871794871795
3867,20,9,3.8,0.45
3868,632,72,3.8718354430379747,0.11392405063291139
3869,42,2,3.9285714285714284,0.047619047619047616
3870,291,15,3.8350515463917527,0.05154639175257732
3871,14,2,1.4285714285714286,0.14285714285714285
3872,12,1,3.3333333333333335,0.08333333333333333
3873,2,0,3.5,0.0
3874,16,3,3.0625,0.1875
3875,3122,181,4.157591287636131,0.05797565663036515
3876,2959,505,3.274417032781345,0.1706657654613045
3877,167,22,3.191616766467066,0.1317365269461078
3878,378,37,3.9761904761904763,0.09788359788359788
3879,36,9,3.638888888888889,0.25
3880,8,3,3.0,0.375
3881,1,1,5.0,1.0
3882,399,70,4.0852130325814535,0.17543859649122806
3883,15,0,4.0,0.0
3884,8,3,2.375,0.375
3885,26,4,2.8076923076923075,0.15384615384615385
3886,20,6,3.65,0.3
3887,117,46,4.427350427350428,0.39316239316239315
3888,1444,125,4.004847645429363,0.0865650969529086
3889,134,18,3.753731343283582,0.13432835820895522
3890,38,10,3.263157894736842,0.2631578947368421
3891,99,13,4.626262626262626,0.13131313131313133
3892,9,5,3.888888888888889,0.5555555555555556
3893,154,17,3.4935064935064934,0.11038961038961038
3894,242,15,4.049586776859504,0.06198347107438017
3895,169,10,3.408284023668639,0.05917159763313609
3896,54,3,4.5,0.05555555555555555
3897,22,7,3.9545454545454546,0.3181818181818182
3898,63,18,4.190476190476191,0.2857142857142857
3899,425,42,4.270588235294118,0.0988235294117647
3900,220,25,2.8772727272727274,0.11363636363636363
3901,407,35,3.941031941031941,0.085995085995086
3902,695,67,3.7366906474820145,0.09640287769784173
3903,2,1,3.0,0.5
3904,126,15,3.7777777777777777,0.11904761904761904
3905,2,1,3.5,0.5
3906,30,11,3.6333333333333333,0.36666666666666664
3907,436,36,3.963302752293578,0.08256880733944955
3908,44,5,4.340909090909091,0.11363636363636363
3909,162,24,4.333333333333333,0.14814814814814814
3910,13,3,1.9230769230769231,0.23076923076923078
3911,13,6,4.230769230769231,0.46153846153846156
3912,193,10,3.8082901554404147,0.05181347150259067
3913,28,4,3.25,0.14285714285714285
3914,1,1,5.0,1.0
3915,30,11,3.033333333333333,0.36666666666666664
3916,2,0,4.5,0.0
3917,21,8,2.7142857142857144,0.38095238095238093
3918,98,22,3.5408163265306123,0.22448979591836735
3919,1,1,4.0,1.0
3920,8,3,3.5,0.375
3921,148,30,4.013513513513513,0.20270270270270271
3922,2,0,4.5,0.0
3923,72,9,4.583333333333333,0.125
3924,6,1,3.3333333333333335,0.16666666666666666
3925,1,0,2.0,0.0
3926,17,2,2.8823529411764706,0.11764705882352941
3927,56,15,3.4107142857142856,0.26785714285714285
3928,13,3,3.6153846153846154,0.23076923076923078
3929,3,0,3.6666666666666665,0.0
3930,40,8,4.475,0.2
3931,285,42,3.898245614035088,0.14736842105263157
3932,22,6,4.818181818181818,0.2727272727272727
3933,424,70,4.30188679245283,0.1650943396226415
3934,113,8,4.68141592920354,0.07079646017699115
3935,182,75,3.1648351648351647,0.41208791208791207
3936,17,1,4.647058823529412,0.058823529411764705
3937,62,11,3.4838709677419355,0.1774193548387097
3938,194,26,3.979381443298969,0.13402061855670103
3939,6,1,2.6666666666666665,0.16666666666666666
3940,3,0,4.666666666666667,0.0
3941,276,22,4.061594202898551,0.07971014492753623
3942,1,0,3.0,0.0
3943,104,10,3.9134615384615383,0.09615384615384616
3944,1,0,5.0,0.0
3945,1,1,4.0,1.0
3946,14,4,4.071428571428571,0.2857142857142857
3947,107,30,3.9626168224299065,0.2803738317757009
3948,75,14,3.8133333333333335,0.18666666666666668
3949,6,1,4.833333333333333,0.16666666666666666
3950,305,44,2.908196721311475,0.14426229508196722
3951,242,27,4.268595041322314,0.1115702479338843
3952,71,12,3.9577464788732395,0.16901408450704225
3953,7,0,4.714285714285714,0.0
3954,78,25,4.243589743589744,0.32051282051282054
3955,1,0,1.0,0.0
3956,1,0,4.0,0.0
3957,200,35,3.84,0.175
3958,82,16,4.573170731707317,0.1951219512195122
3959,1,1,5.0,1.0
3960,24,4,2.7083333333333335,0.16666666666666666
3961,87,17,3.689655172413793,0.19540229885057472
3962,236,50,4.266949152542373,0.211864406779661
3963,31,10,3.193548387096774,0.3225806451612903
3964,231,46,3.722943722943723,0.19913419913419914
3965,72,5,4.388888888888889,0.06944444444444445
3966,49,6,3.816326530612245,0.12244897959183673
3967,163,9,3.901840490797546,0.05521472392638037
3968,129,9,3.883720930232558,0.06976744186046512
3969,30,4,2.6,0.13333333333333333
3970,9,3,3.6666666666666665,0.3333333333333333
3971,36,6,3.1666666666666665,0.16666666666666666
3972,28,0,3.9642857142857144,0.0
3973,8,1,4.625,0.125
3974,5,0,2.8,0.0
3975,459,63,4.26797385620915,0.13725490196078433
3976,40,6,4.475,0.15
3977,100,18,3.97,0.18
3978,1,0,5.0,0.0
3979,199,12,3.819095477386935,0.06030150753768844
3980,7,2,2.4285714285714284,0.2857142857142857
3981,1,0,1.0,0.0
3982,1,0,5.0,0.0
3983,3,0,4.0,0.0
3984,94,17,3.9680851063829787,0.18085106382978725
3985,4,1,3.0,0.25
3986,13,4,4.538461538461538,0.3076923076923077
3987,403,28,3.9156327543424316,0.06947890818858561
3988,5,2,3.8,0.4
3989,56,16,3.8035714285714284,0.2857142857142857
3990,68,17,3.6176470588235294,0.25
3991,12,2,3.5833333333333335,0.16666666666666666
3992,80,23,3.4875,0.2875
3993,7,1,3.0,0.14285714285714285
3994,152,30,3.3223684210526314,0.19736842105263158
3995,123,29,4.439024390243903,0.23577235772357724
3996,3,0,5.0,0.0
3997,307,66,3.472312703583062,0.21498371335504887
3998,1,0,4.0,0.0
3999,518,65,3.7857142857142856,0.12548262548262548
4000,105,18,3.980952380952381,0.17142857142857143
4001,115,33,3.5130434782608697,0.28695652173913044
4002,8,0,3.75,0.0
4003,1,0,5.0,0.0
4004,3,0,2.6666666666666665,0.0
4005,34,10,2.9411764705882355,0.29411764705882354
4006,1,0,3.0,0.0
4007,61,10,3.377049180327869,0.16393442622950818
4008,155,18,3.9612903225806453,0.11612903225806452
4009,14,8,2.357142857142857,0.5714285714285714
4010,261,20,3.9042145593869733,0.07662835249042145
4011,68,7,4.25,0.10294117647058823
4012,49,2,4.428571428571429,0.04081632653061224
4013,40,8,3.4,0.2
4014,1,0,5.0,0.0
4015,8,2,4.5,0.25
4016,12,4,3.5,0.3333333333333333
4017,174,18,3.0402298850574714,0.10344827586206896
4018,10,1,3.9,0.1
4019,22,8,2.0454545454545454,0.36363636363636365
4020,12,8,4.583333333333333,0.6666666666666666
4021,49,15,3.795918367346939,0.30612244897959184
4022,55,4,4.527272727272727,0.07272727272727272
4023,1,0,1.0,0.0
4024,2,2,1.0,1.0
4025,36,6,4.222222222222222,0.16666666666666666
4026,121,20,4.2727272727272725,0.1652892561983471
4027,293,38,3.8088737201365186,0.1296928327645051
4028,93,27,3.5053763440860215,0.2903225806451613
4029,12,2,3.5833333333333335,0.16666666666666666
4030,5,4,4.8,0.8
4031,33,11,4.575757575757576,0.3333333333333333
4032,31,10,4.129032258064516,0.3225806451612903
4033,24,12,3.875,0.5
4034,1680,249,3.963690476190476,0.14821428571428572
4035,71,1,4.211267605633803,0.014084507042253521
4036,67,6,3.8208955223880596,0.08955223880597014
4037,197,24,3.8375634517766497,0.1218274111675127
4038,109,26,3.5137614678899083,0.23853211009174313
4039,28,7,2.75,0.25
4040,1,0,2.0,0.0
4041,8,2,4.25,0.25
4042,62,24,4.048387096774194,0.3870967741935484
4043,3,0,3.3333333333333335,0.0
4044,9,2,3.888888888888889,0.2222222222222222
4045,187,35,4.106951871657754,0.18716577540106952
4046,9,3,3.0,0.3333333333333333
4047,34,10,3.8823529411764706,0.29411764705882354
4048,47,5,1.9574468085106382,0.10638297872340426
4049,22,4,3.227272727272727,0.18181818181818182
4050,111,7,4.063063063063063,0.06306306306306306
4051,7,7,5.0,1.0
4052,189,14,4.291005291005291,0.07407407407407407
4053,150,31,3.7866666666666666,0.20666666666666667
4054,50,5,3.48,0.1
4055,122,13,4.377049180327869,0.10655737704918032
4056,44,11,3.772727272727273,0.25
4057,1,1,5.0,1.0
4058,54,6,4.2592592592592595,0.1111111111111111
4059,1,1,5.0,1.0
4060,10,6,4.3,0.6
4061,166,26,2.9819277108433737,0.1566265060240964
4062,108,30,3.7685185185185186,0.2777777777777778
4063,163,29,4.208588957055214,0.17791411042944785
4064,12,4,3.0,0.3333333333333333
4065,5,0,4.0,0.0
4066,3,1,2.6666666666666665,0.3333333333333333
4067,26,9,3.730769230769231,0.34615384615384615
4068,30,10,3.3333333333333335,0.3333333333333333
4069,23,0,4.6521739130434785,0.0
4070,16,4,2.25,0.25
4071,12,1,3.9166666666666665,0.08333333333333333
4072,79,7,3.5316455696202533,0.08860759493670886
4073,5,0,4.6,0.0
4074,3,1,2.6666666666666665,0.3333333333333333
4075,4,0,3.25,0.0
4076,985,51,4.153299492385787,0.05177664974619289
4077,48,27,4.125,0.5625
4078,48,8,4.0,0.16666666666666666
4079,10,1,3.6,0.1
4080,353,30,4.1784702549575075,0.08498583569405099
4081,183,48,3.5737704918032787,0.26229508196721313
4082,2,1,3.5,0.5
4083,2292,194,4.0135253054101225,0.08464223385689354
4084,46,9,3.717391304347826,0.1956521739130435
4085,1,0,1.0,0.0
4086,3,1,1.3333333333333333,0.3333333333333333
4087,10,3,3.8,0.3
4088,8,0,4.375,0.0
4089,48,12,3.9791666666666665,0.25
4090,193,17,4.160621761658031,0.08808290155440414
4091,263,36,3.714828897338403,0.13688212927756654
4092,4,1,5.0,0.25
4093,5,0,3.2,0.0
4094,5,2,3.8,0.4
4095,132,58,3.227272727272727,0.4393939393939394
4096,227,24,3.9823788546255505,0.10572687224669604
4097,56,12,2.9642857142857144,0.21428571428571427
4098,46,7,3.5434782608695654,0.15217391304347827
4099,4,0,4.0,0.0
4100,2,0,4.5,0.0
4101,2,0,4.5,0.0
4102,162,18,4.5246913580246915,0.1111111111111111
4103,36,7,3.361111111111111,0.19444444444444445
4104,28,3,4.142857142857143,0.10714285714285714
4105,67,23,3.582089552238806,0.34328358208955223
4106,22,0,3.6363636363636362,0.0
4107,25,5,3.4,0.2
4108,60,10,4.416666666666667,0.16666666666666666
4109,3,1,4.333333333333333,0.3333333333333333
4110,1,1,5.0,1.0
4111,54,6,3.685185185185185,0.1111111111111111
4112,125,64,3.84,0.512
4113,1,0,5.0,0.0
4114,505,33,3.889108910891089,0.06534653465346535
4115,124,16,3.975806451612903,0.12903225806451613
4116,5,0,4.8,0.0
4117,243,40,4.2633744855967075,0.1646090534979424
4118,23,3,4.260869565217392,0.13043478260869565
4119,6,4,2.5,0.6666666666666666
4120,49,13,3.7755102040816326,0.2653061224489796
4121,6,1,2.6666666666666665,0.16666666666666666
4122,225,28,3.8844444444444446,0.12444444444444444
4123,33,7,3.757575757575758,0.21212121212121213
4124,29,14,4.103448275862069,0.4827586206896552
4125,57,3,4.298245614035087,0.05263157894736842
4126,1,0,1.0,0.0
4127,9,3,3.4444444444444446,0.3333333333333333
4128,6,3,3.8333333333333335,0.5
4129,35,12,3.2857142857142856,0.34285714285714286
4130,2,0,4.5,0.0
4131,19,2,3.789473684210526,0.10526315789473684
4132,64,16,3.96875,0.25
4133,66,9,4.121212121212121,0.13636363636363635
4134,3,1,2.3333333333333335,0.3333333333333333
4135,6,2,4.0,0.3333333333333333
4136,18,6,3.111111111111111,0.3333333333333333
4137,122,24,3.1311475409836067,0.19672131147540983
4138,92,20,3.6739130434782608,0.21739130434782608
4139,174,11,4.327586206896552,0.06321839080459771
4140,112,49,2.9107142857142856,0.4375
4141,2,1,3.5,0.5
4142,26,5,4.230769230769231,0.19230769230769232
4143,294,39,3.761904761904762,0.1326530612244898
4144,553,33,3.783001808318264,0.059674502712477394
4145,45,13,3.0444444444444443,0.28888888888888886
4146,199,22,4.266331658291457,0.11055276381909548
4147,6,1,4.166666666666667,0.16666666666666666
4148,1618,105,3.9789864029666253,0.06489493201483312
4149,1,1,4.0,1.0
4150,13,3,4.0,0.23076923076923078
4151,43,6,3.953488372093023,0.13953488372093023
4152,61,21,4.524590163934426,0.3442622950819672
4153,3,0,3.3333333333333335,0.0
4154,12,4,2.75,0.3333333333333333
4155,16,4,4.25,0.25
4156,305,19,3.7704918032786887,0.06229508196721312
4157,146,21,4.109589041095891,0.14383561643835616
4158,142,16,4.28169014084507,0.11267605633802817
4159,10,4,3.8,0.4
4160,198,12,4.41919191919192,0.06060606060606061
4161,3,0,3.0,0.0
4162,111,13,3.8468468468468466,0.11711711711711711
4163,22,7,4.2727272727272725,0.3181818181818182
4164,23,2,2.869565217391304,0.08695652173913043
4165,25,17,4.48,0.68
4166,39,8,3.6153846153846154,0.20512820512820512
4167,130,22,4.1692307692307695,0.16923076923076924
4168,38,12,3.973684210526316,0.3157894736842105
4169,215,20,4.297674418604651,0.09302325581395349
4170,369,34,3.994579945799458,0.0921409214092141
4171,3,0,4.0,0.0
4172,10,8,2.7,0.8
4173,146,8,3.9657534246575343,0.0547945205479452
4174,3,1,2.0,0.3333333333333333
4175,1,1,1.0,1.0
4176,2,0,5.0,0.0
4177,54,6,3.925925925925926,0.1111111111111111
4178,11,3,4.363636363636363,0.2727272727272727
4179,2,1,4.5,0.5
4180,75,16,3.8666666666666667,0.21333333333333335
4181,49,10,4.1020408163265305,0.20408163265306123
4182,17,2,3.7058823529411766,0.11764705882352941
4183,616,80,4.01948051948052,0.12987012987012986
4184,71,15,4.352112676056338,0.2112676056338028
4185,2,0,1.0,0.0
4186,284,62,4.112676056338028,0.21830985915492956
4187,56,12,4.428571428571429,0.21428571428571427
4188,409,34,4.136919315403423,0.08312958435207823
4189,45,7,2.888888888888889,0.15555555555555556
4190,146,16,4.027397260273973,0.1095890410958904
4191,23,6,2.8260869565217392,0.2608695652173913
4192,52,12,4.1923076923076925,0.23076923076923078
4193,32,7,4.21875,0.21875
4194,8,3,4.75,0.375
4195,4,2,3.75,0.5
4196,553,58,3.5678119349005426,0.10488245931283906
4197,84,10,1.9523809523809523,0.11904761904761904
4198,3,0,3.0,0.0
4199,56,20,2.357142857142857,0.35714285714285715
4200,84,13,3.9166666666666665,0.15476190476190477
4201,45,17,3.933333333333333,0.37777777777777777
4202,280,24,3.5964285714285715,0.08571428571428572
4203,1,0,5.0,0.0
4204,301,46,2.823920265780731,0.15282392026578073
4205,65,13,3.3384615384615386,0.2
4206,86,21,3.1627906976744184,0.2441860465116279
4207,30,13,3.0,0.43333333333333335
4208,59,4,4.237288135593221,0.06779661016949153
4209,169,14,3.3727810650887573,0.08284023668639054
4210,99,18,3.95959595959596,0.18181818181818182
4211,3,0,4.0,0.0
4212,3,0,4.333333333333333,0.0
4213,4,0,3.75,0.0
4214,6,1,3.3333333333333335,0.16666666666666666
4215,1,0,5.0,0.0
4216,6,3,4.166666666666667,0.5
4217,20,4,3.65,0.2
4218,168,13,3.9345238095238093,0.07738095238095238
4219,1,0,5.0,0.0
4220,353,23,3.8271954674220963,0.06515580736543909
4221,12,5,3.5833333333333335,0.4166666666666667
4222,1,0,3.0,0.0
4223,2848,267,3.890449438202247,0.09375
4224,1,0,5.0,0.0
4225,51,6,3.9411764705882355,0.11764705882352941
4226,1,1,5.0,1.0
4227,17,2,4.176470588235294,0.11764705882352941
4228,5,1,2.8,0.2
4229,73,13,3.5205479452054793,0.1780821917808219
4230,128,41,4.015625,0.3203125
4231,86,3,4.372093023255814,0.03488372093023256
4232,1,0,5.0,0.0
4233,57,10,3.8596491228070176,0.17543859649122806
4234,182,18,3.741758241758242,0.0989010989010989
4235,50,13,3.06,0.26
4236,2,0,4.0,0.0
4237,4,1,3.5,0.25
4238,7,0,3.7142857142857144,0.0
4239,13,4,4.230769230769231,0.3076923076923077
4240,152,13,4.019736842105263,0.08552631578947369
4241,26,12,3.8076923076923075,0.46153846153846156
4242,19,6,4.7368421052631575,0.3157894736842105
4243,10,4,1.7,0.4
4244,24,4,4.125,0.16666666666666666
4245,6,2,3.1666666666666665,0.3333333333333333
4246,24,10,4.208333333333333,0.4166666666666667
4247,6,2,3.1666666666666665,0.3333333333333333
4248,8,1,2.625,0.125
4249,14,1,4.142857142857143,0.07142857142857142
4250,1,1,5.0,1.0
4251,7,1,4.0,0.14285714285714285
4252,3,0,4.0,0.0
4253,7,3,2.7142857142857144,0.42857142857142855
4254,61,6,2.8688524590163933,0.09836065573770492
4255,36,4,3.611111111111111,0.1111111111111111
4256,37,4,4.54054054054054,0.10810810810810811
4257,88,5,4.284090909090909,0.056818181818181816
4258,8,7,3.5,0.875
4259,121,18,3.5785123966942147,0.1487603305785124
4260,256,41,3.71484375,0.16015625
4261,48,23,4.104166666666667,0.4791666666666667
4262,1,0,1.0,0.0
4263,9,4,2.888888888888889,0.4444444444444444
4264,34,8,3.0294117647058822,0.23529411764705882
4265,14,3,3.7142857142857144,0.21428571428571427
4266,10,3,4.7,0.3
4267,519,51,3.932562620423892,0.09826589595375723
4268,7,1,3.857142857142857,0.14285714285714285
4269,153,34,3.542483660130719,0.2222222222222222
4270,5,3,2.6,0.6
4271,2,0,5.0,0.0
4272,3,0,2.0,0.0
4273,38,9,3.263157894736842,0.23684210526315788
4274,154,22,4.37012987012987,0.14285714285714285
4275,109,16,3.467889908256881,0.14678899082568808
4276,45,5,4.311111111111111,0.1111111111111111
4277,18,6,3.9444444444444446,0.3333333333333333
4278,87,10,4.218390804597701,0.11494252873563218
4279,428,61,3.8551401869158877,0.1425233644859813
4280,5,0,3.6,0.0
4281,1166,162,4.169811320754717,0.13893653516295026
4282,243,13,4.008230452674897,0.053497942386831275
4283,1,1,5.0,1.0
4284,86,10,4.011627906976744,0.11627906976744186
4285,148,39,4.054054054054054,0.2635135135135135
4286,10,4,2.7,0.4
4287,479,46,4.010438413361169,0.09603340292275574
4288,13,2,4.153846153846154,0.15384615384615385
4289,43,3,4.023255813953488,0.06976744186046512
4290,37,0,4.297297297297297,0.0
4291,12,3,3.6666666666666665,0.25
4292,23,7,4.434782608695652,0.30434782608695654
4293,61,18,3.9508196721311477,0.29508196721311475
4294,27,10,3.5925925925925926,0.37037037037037035
4295,472,58,4.233050847457627,0.1228813559322034
4296,42,9,2.5952380952380953,0.21428571428571427
4297,112,18,3.25,0.16071428571428573
4298,5,2,4.0,0.4
4299,767,96,4.308996088657105,0.12516297262059975
4300,63,1,3.3015873015873014,0.015873015873015872
4301,13,2,3.8461538461538463,0.15384615384615385
4302,93,16,4.225806451612903,0.17204301075268819
4303,1,0,1.0,0.0
4304,170,5,4.017647058823529,0.029411764705882353
4305,29,13,2.9310344827586206,0.4482758620689655
4306,60,10,2.8833333333333333,0.16666666666666666
4307,42,9,4.0,0.21428571428571427
4308,24,7,3.9166666666666665,0.2916666666666667
4309,26,2,3.4615384615384617,0.07692307692307693
4310,24,4,4.5,0.16666666666666666
4311,14,2,4.0,0.14285714285714285
4312,10,4,3.2,0.4
4313,45,5,3.022222222222222,0.1111111111111111
4314,127,17,3.456692913385827,0.13385826771653545
4315,214,21,3.9018691588785046,0.09813084112149532
4316,25,8,2.64,0.32
4317,11,2,3.909090909090909,0.18181818181818182
4318,210,14,4.0095238095238095,0.06666666666666667
4319,30,13,3.1666666666666665,0.43333333333333335
4320,4,1,4.0,0.25
4321,114,14,3.973684210526316,0.12280701754385964
4322,39,9,3.4615384615384617,0.23076923076923078
4323,48,5,4.0625,0.10416666666666667
4324,8,0,3.75,0.0
4325,47,29,3.382978723404255,0.6170212765957447
4326,10,0,2.9,0.0
4327,1,1,5.0,1.0
4328,99,18,4.303030303030303,0.18181818181818182
4329,176,20,3.5454545454545454,0.11363636363636363
4330,23,5,3.5652173913043477,0.21739130434782608
4331,1,0,5.0,0.0
4332,36,1,4.5,0.027777777777777776
4333,149,9,4.093959731543624,0.06040268456375839
4334,20,3,4.45,0.15
4335,12,5,2.75,0.4166666666666667
4336,161,23,3.7267080745341614,0.14285714285714285
4337,559,30,3.7584973166368516,0.05366726296958855
4338,219,30,4.168949771689498,0.136986301369863
4339,95,10,4.08421052631579,0.10526315789473684
4340,220,35,3.3954545454545455,0.1590909090909091
4341,60,18,3.1333333333333333,0.3
4342,52,5,3.6346153846153846,0.09615384615384616
4343,11,4,3.1818181818181817,0.36363636363636365
4344,37,3,4.216216216216216,0.08108108108108109
4345,29,4,3.5517241379310347,0.13793103448275862
4346,6,2,3.6666666666666665,0.3333333333333333
4347,3,0,5.0,0.0
4348,294,28,3.503401360544218,0.09523809523809523
4349,17,8,4.529411764705882,0.47058823529411764
4350,23,2,4.478260869565218,0.08695652173913043
4351,30,2,4.7,0.06666666666666667
4352,286,26,4.185314685314685,0.09090909090909091
4353,24,6,4.416666666666667,0.25
4354,110,8,3.827272727272727,0.07272727272727272
4355,43,13,3.86046511627907,0.3023255813953488
4356,1,0,3.0,0.0
4357,509,55,3.848722986247544,0.10805500982318271
4358,605,78,4.014876033057852,0.12892561983471074
4359,48,3,4.375,0.0625
4360,10,2,4.7,0.2
4361,3,1,5.0,0.3333333333333333
4362,18,11,4.611111111111111,0.6111111111111112
4363,1184,118,4.266047297297297,0.09966216216216216
4364,2,1,5.0,0.5
4365,7,1,3.857142857142857,0.14285714285714285
4366,39,7,3.2051282051282053,0.1794871794871795
4367,34,6,3.088235294117647,0.17647058823529413
4368,22,4,3.590909090909091,0.18181818181818182
4369,253,61,4.284584980237154,0.24110671936758893
4370,87,15,3.6436781609195403,0.1724137931034483
4371,25,4,3.96,0.16
4372,7,0,4.571428571428571,0.0
4373,176,30,3.9886363636363638,0.17045454545454544
4374,1,0,4.0,0.0
4375,6,3,3.6666666666666665,0.5
4376,4,2,4.5,0.5
4377,107,9,4.205607476635514,0.08411214953271028
4378,16,5,2.4375,0.3125
4379,561,56,4.420677361853833,0.09982174688057041
4380,28,3,1.5,0.10714285714285714
4381,2,0,5.0,0.0
4382,161,20,3.7888198757763973,0.12422360248447205
4383,10,1,2.1,0.1
4384,29,17,2.5172413793103448,0.5862068965517241
4385,90,32,4.233333333333333,0.35555555555555557
4386,2,1,4.5,0.5
4387,154,17,4.01948051948052,0.11038961038961038
4388,108,50,3.462962962962963,0.46296296296296297
4389,7,2,3.5714285714285716,0.2857142857142857
4390,1359,133,4.114790286975717,0.09786607799852833
4391,1,1,1.0,1.0
4392,44,4,4.25,0.09090909090909091
4393,10,2,3.4,0.2
4394,339,72,4.23598820058997,0.21238938053097345
4395,15,2,3.4,0.13333333333333333
4396,13,5,4.461538461538462,0.38461538461538464
4397,115,10,4.356521739130435,0.08695652173913043
4398,33,2,1.9393939393939394,0.06060606060606061
4399,2,1,3.0,0.5
4400,570,68,3.849122807017544,0.11929824561403508
4401,59,8,3.864406779661017,0.13559322033898305
4402,24,2,4.041666666666667,0.08333333333333333
4403,1,0,3.0,0.0
4404,148,38,4.195945945945946,0.25675675675675674
4405,34,4,3.176470588235294,0.11764705882352941
4406,6,2,2.1666666666666665,0.3333333333333333
4407,30,3,3.9,0.1
4408,188,14,3.9414893617021276,0.07446808510638298
4409,10,3,4.4,0.3
4410,65,11,3.876923076923077,0.16923076923076924
4411,12,5,3.75,0.4166666666666667
4412,63,14,3.619047619047619,0.2222222222222222
4413,525,32,4.213333333333333,0.06095238095238095
4414,164,35,3.8841463414634148,0.21341463414634146
4415,31,4,3.0,0.12903225806451613
4416,569,72,4.035149384885765,0.1265377855887522
4417,103,24,2.766990291262136,0.23300970873786409
4418,24,12,3.0,0.5
4419,6,1,4.333333333333333,0.16666666666666666
4420,19,4,3.8947368421052633,0.21052631578947367
4421,25,12,3.24,0.48
4422,28,2,4.392857142857143,0.07142857142857142
4423,25,5,3.68,0.2
4424,21,3,3.1904761904761907,0.14285714285714285
4425,265,20,4.313207547169811,0.07547169811320754
4426,6,0,5.0,0.0
4427,42,14,2.9523809523809526,0.3333333333333333
4428,3,0,3.6666666666666665,0.0
4429,13,8,2.4615384615384617,0.6153846153846154
4430,48,3,3.5416666666666665,0.0625
4431,81,21,3.6790123456790123,0.25925925925925924
4432,2,0,4.5,0.0
4433,1,1,2.0,1.0
4434,43,6,4.4186046511627906,0.13953488372093023
4435,7,0,2.4285714285714284,0.0
4436,10,1,4.0,0.1
4437,119,24,3.689075630252101,0.20168067226890757
4438,24,5,4.625,0.20833333333333334
4439,12,1,2.6666666666666665,0.08333333333333333
4440,4,2,3.0,0.5
4441,8,1,2.875,0.125
4442,283,19,3.8869257950530036,0.06713780918727916
4443,28,12,3.2142857142857144,0.42857142857142855
4444,8,1,4.375,0.125
4445,62,15,3.3225806451612905,0.24193548387096775
4446,173,16,3.861271676300578,0.09248554913294797
4447,5,1,4.8,0.2
4448,913,182,4.313253012048193,0.19934282584884994
4449,31,16,2.806451612903226,0.5161290322580645
4450,7,3,2.857142857142857,0.42857142857142855
4451,20,7,2.7,0.35
4452,64,14,3.09375,0.21875
4453,282,66,4.134751773049645,0.23404255319148937
4454,16,3,3.375,0.1875
4455,30,5,4.066666666666666,0.16666666666666666
4456,21,3,2.9523809523809526,0.14285714285714285
4457,80,10,3.8875,0.125
4458,208,24,4.076923076923077,0.11538461538461539
4459,1,0,4.0,0.0
4460,9,3,4.444444444444445,0.3333333333333333
4461,19,2,3.8421052631578947,0.10526315789473684
4462,66,21,2.8636363636363638,0.3181818181818182
4463,12,2,3.8333333333333335,0.16666666666666666
4464,1,1,3.0,1.0
4465,58,3,4.293103448275862,0.05172413793103448
4466,6,2,3.6666666666666665,0.3333333333333333
4467,105,21,3.257142857142857,0.2
4468,901,113,4.021087680355161,0.12541620421753608
4469,188,23,3.5585106382978724,0.12234042553191489
4470,84,36,3.5595238095238093,0.42857142857142855
4471,37,12,3.324324324324324,0.32432432432432434
4472,35,3,3.6857142857142855,0.08571428571428572
4473,2,1,2.5,0.5
4474,28,9,2.892857142857143,0.32142857142857145
4475,30,2,3.8333333333333335,0.06666666666666667
4476,100,20,4.35,0.2
4477,1146,65,3.9904013961605584,0.056719022687609075
4478,7,2,3.7142857142857144,0.2857142857142857
4479,218,29,4.022935779816514,0.13302752293577982
4480,474,54,3.8417721518987342,0.11392405063291139
4481,124,8,3.8951612903225805,0.06451612903225806
4482,60,17,4.05,0.2833333333333333
4483,8,5,3.125,0.625
4484,2,0,4.5,0.0
4485,1,0,3.0,0.0
4486,45,9,3.6222222222222222,0.2
4487,4,0,4.25,0.0
4488,155,8,4.032258064516129,0.05161290322580645
4489,11,2,2.3636363636363638,0.18181818181818182
4490,28,9,4.464285714285714,0.32142857142857145
4491,39,5,3.4358974358974357,0.1282051282051282
4492,36,23,3.7222222222222223,0.6388888888888888
4493,765,47,3.7333333333333334,0.06143790849673202
4494,73,8,3.26027397260274,0.1095890410958904
4495,1,0,5.0,0.0
4496,4,2,4.0,0.5
4497,62,11,3.8870967741935485,0.1774193548387097
4498,4,2,2.75,0.5
4499,7,2,3.857142857142857,0.2857142857142857
4500,17,6,4.0,0.35294117647058826
4501,23,7,4.217391304347826,0.30434782608695654
4502,7,0,4.857142857142857,0.0
4503,41,8,3.8536585365853657,0.1951219512195122
4504,29,4,4.103448275862069,0.13793103448275862
4505,1,0,3.0,0.0
4506,180,30,3.977777777777778,0.16666666666666666
4507,136,13,3.7941176470588234,0.09558823529411764
4508,2,1,5.0,0.5
4509,4,0,4.25,0.0
4510,14,2,3.642857142857143,0.14285714285714285
4511,75,9,3.8266666666666667,0.12
4512,8,2,3.0,0.25
4513,70,16,2.857142857142857,0.22857142857142856
4514,6,2,4.166666666666667,0.3333333333333333
4515,2,0,2.0,0.0
4516,3,1,4.0,0.3333333333333333
4517,10,0,4.3,0.0
4518,2,1,4.5,0.5
4519,78,21,2.9358974358974357,0.2692307692307692
4520,449,72,4.057906458797327,0.1603563474387528
4521,1,0,3.0,0.0
4522,16,3,3.4375,0.1875
4523,98,19,3.9693877551020407,0.19387755102040816
4524,2,0,3.5,0.0
4525,359,27,3.885793871866295,0.07520891364902507
4526,2,1,5.0,0.5
4527,52,5,3.230769230769231,0.09615384615384616
4528,34,7,4.617647058823529,0.20588235294117646
4529,172,46,3.5872093023255816,0.26744186046511625
4530,18,4,4.944444444444445,0.2222222222222222
4531,54,2,4.166666666666667,0.037037037037037035
4532,6,1,4.333333333333333,0.16666666666666666
4533,16,1,3.3125,0.0625
4534,49,6,3.7755102040816326,0.12244897959183673
4535,479,35,3.943632567849687,0.07306889352818371
4536,2,1,2.5,0.5
4537,53,4,3.339622641509434,0.07547169811320754
4538,16,5,3.75,0.3125
4539,74,8,3.364864864864865,0.10810810810810811
4540,150,15,3.7133333333333334,0.1
4541,157,33,3.828025477707006,0.21019108280254778
4542,1,1,5.0,1.0
4543,22,3,3.590909090909091,0.13636363636363635
4544,178,18,4.387640449438202,0.10112359550561797
4545,24,5,4.541666666666667,0.20833333333333334
4546,93,31,2.89247311827957,0.3333333333333333
4547,33,18,3.727272727272727,0.5454545454545454
4548,1,0,1.0,0.0
4549,116,23,3.353448275862069,0.19827586206896552
4550,86,14,3.86046511627907,0.16279069767441862
4551,1,0,5.0,0.0
4552,186,27,3.806451612903226,0.14516129032258066
4553,12,1,4.0,0.08333333333333333
4554,426,45,3.76056338028169,0.1056338028169014
4555,83,12,3.9397590361445785,0.14457831325301204
4556,85,18,3.7411764705882353,0.21176470588235294
4557,1,0,5.0,0.0
4558,55,36,4.490909090909091,0.6545454545454545
4559,64,7,3.625,0.109375
4560,102,4,4.294117647058823,0.0392156862745098
4561,3,3,3.6666666666666665,1.0
4562,23,4,4.608695652173913,0.17391304347826086
4563,31,6,3.5161290322580645,0.1935483870967742
4564,4,0,3.0,0.0
4565,123,48,3.8536585365853657,0.3902439024390244
4566,11,3,2.909090909090909,0.2727272727272727
4567,84,17,4.130952380952381,0.20238095238095238
4568,26,3,4.153846153846154,0.11538461538461539
4569,1,0,3.0,0.0
4570,8,1,3.0,0.125
4571,1,0,4.0,0.0
4572,12,2,2.1666666666666665,0.16666666666666666
4573,68,21,3.7205882352941178,0.3088235294117647
4574,39,8,3.5128205128205128,0.20512820512820512
4575,218,37,4.192660550458716,0.16972477064220184
4576,87,12,4.264367816091954,0.13793103448275862
4577,70,10,3.6714285714285713,0.14285714285714285
4578,43,5,3.7674418604651163,0.11627906976744186
4579,28,1,3.9285714285714284,0.03571428571428571
4580,79,3,4.113924050632911,0.0379746835443038
4581,8,0,3.5,0.0
4582,8,2,3.375,0.25
4583,54,13,3.5,0.24074074074074073
4584,262,18,3.633587786259542,0.06870229007633588
4585,77,12,4.571428571428571,0.15584415584415584
4586,47,5,2.9148936170212765,0.10638297872340426
4587,62,7,4.225806451612903,0.11290322580645161
4588,5,1,4.0,0.2
4589,143,13,3.825174825174825,0.09090909090909091
4590,8,0,1.75,0.0
4591,7,1,4.714285714285714,0.14285714285714285
4592,20,4,3.5,0.2
4593,6,0,4.333333333333333,0.0
4594,59,3,3.6610169491525424,0.05084745762711865
4595,231,29,4.41991341991342,0.12554112554112554
4596,181,25,3.972375690607735,0.13812154696132597
4597,49,17,3.7142857142857144,0.3469387755102041
4598,5,0,4.4,0.0
4599,175,25,4.508571428571429,0.14285714285714285
4600,189,24,3.7566137566137567,0.12698412698412698
4601,1,0,5.0,0.0
4602,48,8,4.1875,0.16666666666666666
4603,34,2,3.2941176470588234,0.058823529411764705
4604,6,0,2.1666666666666665,0.0
4605,10,2,3.9,0.2
4606,54,9,3.8703703703703702,0.16666666666666666
4607,40,10,2.05,0.25
4608,34,11,2.823529411764706,0.3235294117647059
4609,1,0,2.0,0.0
4610,41,11,4.121951219512195,0.2682926829268293
4611,1,0,4.0,0.0
4612,60,17,3.9833333333333334,0.2833333333333333
4613,115,26,3.860869565217391,0.22608695652173913
4614,26,7,2.3846153846153846,0.2692307692307692
4615,24,2,4.541666666666667,0.08333333333333333
4616,701,103,4.182596291012839,0.14693295292439373
4617,1201,98,3.82014987510408,0.08159866777685262
4618,11,2,2.8181818181818183,0.18181818181818182
4619,31,6,3.3548387096774195,0.1935483870967742
4620,84,11,4.2976190476190474,0.13095238095238096
4621,10,6,3.3,0.6
4622,21,3,3.0,0.14285714285714285
4623,1192,90,4.182046979865772,0.07550335570469799
4624,82,14,3.7804878048780486,0.17073170731707318
4625,250,97,3.608,0.388
4626,368,51,3.875,0.13858695652173914
4627,14,4,3.5714285714285716,0.2857142857142857
4628,122,16,4.065573770491803,0.13114754098360656
4629,4,0,1.75,0.0
4630,359,31,3.9554317548746516,0.08635097493036212
4631,690,56,4.0028985507246375,0.08115942028985507
4632,8,1,3.75,0.125
4633,11,4,3.5454545454545454,0.36363636363636365
4634,126,37,2.761904761904762,0.29365079365079366
4635,26,4,3.8846153846153846,0.15384615384615385
4636,406,16,4.325123152709359,0.03940886699507389
4637,1,0,5.0,0.0
4638,46,18,4.434782608695652,0.391304347826087
4639,86,9,3.5813953488372094,0.10465116279069768
4640,34,6,3.4411764705882355,0.17647058823529413
4641,1,1,1.0,1.0
4642,31,11,3.870967741935484,0.3548387096774194
4643,14,9,4.0,0.6428571428571429
4644,414,51,4.260869565217392,0.12318840579710146
4645,50,31,3.74,0.62
4646,379,27,3.8021108179419527,0.0712401055408971
4647,180,33,4.016666666666667,0.18333333333333332
4648,144,25,3.236111111111111,0.1736111111111111
4649,27,11,4.703703703703703,0.4074074074074074
4650,6,2,2.1666666666666665,0.3333333333333333
4651,166,16,4.018072289156627,0.0963855421686747
4652,110,18,3.7636363636363637,0.16363636363636364
4653,24,8,3.0416666666666665,0.3333333333333333
4654,46,0,4.239130434782608,0.0
4655,43,3,4.093023255813954,0.06976744186046512
4656,4,0,3.25,0.0
4657,45,13,4.0,0.28888888888888886
4658,69,25,3.898550724637681,0.36231884057971014
4659,110,4,4.0181818181818185,0.03636363636363636
4660,33,1,4.545454545454546,0.030303030303030304
4661,35,3,4.142857142857143,0.08571428571428572
4662,1,0,2.0,0.0
4663,12,4,3.6666666666666665,0.3333333333333333
4664,4,1,4.25,0.25
4665,169,36,3.230769230769231,0.21301775147928995
4666,15,4,3.3333333333333335,0.26666666666666666
4667,22,2,4.136363636363637,0.09090909090909091
4668,22,7,2.6363636363636362,0.3181818181818182
4669,9,2,4.0,0.2222222222222222
4670,1,0,5.0,0.0
4671,100,12,4.25,0.12
4672,179,63,2.653631284916201,0.35195530726256985
4673,72,9,3.75,0.125
4674,2,1,4.0,0.5
4675,1,1,4.0,1.0
4676,35,4,2.3142857142857145,0.11428571428571428
4677,20,2,2.7,0.1
4678,1,0,5.0,0.0
4679,4,2,4.0,0.5
4680,48,6,4.541666666666667,0.125
4681,13,0,3.3846153846153846,0.0
4682,16,2,3.1875,0.125
4683,8,4,3.5,0.5
4684,1,0,4.0,0.0
4685,691,92,3.565846599131693,0.13314037626628075
4686,108,23,4.12037037037037,0.21296296296296297
4687,636,57,3.8286163522012577,0.08962264150943396
4688,19,14,3.6315789473684212,0.7368421052631579
4689,470,41,3.8957446808510636,0.08723404255319149
4690,9,1,3.0,0.1111111111111111
4691,42,21,3.357142857142857,0.5
4692,1346,100,4.016344725111441,0.07429420505200594
4693,13,3,3.3076923076923075,0.23076923076923078
4694,22,4,3.409090909090909,0.18181818181818182
4695,1,0,1.0,0.0
4696,5,0,3.4,0.0
4697,83,32,2.397590361445783,0.3855421686746988
4698,6632,797,4.299306393244874,0.12017490952955368
4699,3,2,3.3333333333333335,0.6666666666666666
4700,33,4,2.8484848484848486,0.12121212121212122
4701,11,4,2.272727272727273,0.36363636363636365
4702,2,1,1.0,0.5
4703,12,0,4.833333333333333,0.0
4704,258,25,4.038759689922481,0.09689922480620156
4705,85,3,4.423529411764706,0.03529411764705882
4706,31,2,4.258064516129032,0.06451612903225806
4707,40,5,4.35,0.125
4708,3,2,1.6666666666666667,0.6666666666666666
4709,72,19,3.5555555555555554,0.2638888888888889
4710,58,9,4.344827586206897,0.15517241379310345
4711,45,10,3.3777777777777778,0.2222222222222222
4712,1,0,5.0,0.0
4713,1,1,1.0,1.0
4714,7,1,3.4285714285714284,0.14285714285714285
4715,33,16,2.272727272727273,0.48484848484848486
4716,11,2,3.6363636363636362,0.18181818181818182
4717,14,7,3.5714285714285716,0.5
4718,2,0,4.0,0.0
4719,77,23,3.3766233766233764,0.2987012987012987
4720,92,1,4.369565217391305,0.010869565217391304
4721,4,2,4.0,0.5
4722,1,0,1.0,0.0
4723,164,15,4.0060975609756095,0.09146341463414634
4724,470,62,3.8787234042553194,0.13191489361702127
4725,53,14,4.660377358490566,0.2641509433962264
4726,209,19,4.023923444976076,0.09090909090909091
4727,5,4,3.6,0.8
4728,23,5,4.391304347826087,0.21739130434782608
4729,1,0,5.0,0.0
4730,38,10,4.157894736842105,0.2631578947368421
4731,260,64,4.088461538461538,0.24615384615384617
4732,67,32,3.8805970149253732,0.47761194029850745
4733,328,44,3.7103658536585367,0.13414634146341464
4734,25,4,3.8,0.16
4735,976,59,4.162909836065574,0.060450819672131145
4736,96,27,3.3958333333333335,0.28125
4737,4,1,5.0,0.25
4738,9,2,3.3333333333333335,0.2222222222222222
4739,16,9,3.75,0.5625
4740,8,2,4.375,0.25
4741,54,12,3.2777777777777777,0.2222222222222222
4742,353,43,4.368271954674221,0.12181303116147309
4743,932,142,3.7714592274678114,0.15236051502145923
4744,56,23,3.3392857142857144,0.4107142857142857
4745,49,6,4.673469387755102,0.12244897959183673
4746,792,54,4.098484848484849,0.06818181818181818
4747,34,5,3.735294117647059,0.14705882352941177
4748,149,18,3.8120805369127515,0.12080536912751678
4749,158,47,2.740506329113924,0.2974683544303797
4750,81,7,3.925925925925926,0.08641975308641975
4751,3,1,4.0,0.3333333333333333
4752,109,18,3.8807339449541285,0.1651376146788991
4753,36,9,3.888888888888889,0.25
4754,41,7,2.951219512195122,0.17073170731707318
4755,10,1,4.1,0.1
4756,47,10,3.0425531914893615,0.2127659574468085
4757,27,16,2.5555555555555554,0.5925925925925926
4758,338,21,4.103550295857988,0.0621301775147929
4759,2,1,4.5,0.5
4760,3,1,4.666666666666667,0.3333333333333333
4761,70,8,4.428571428571429,0.11428571428571428
4762,5,1,3.6,0.2
4763,14,2,4.214285714285714,0.14285714285714285
4764,60,8,3.783333333333333,0.13333333333333333
4765,18,11,4.277777777777778,0.6111111111111112
4766,256,41,3.87890625,0.16015625
4767,70,10,3.4,0.14285714285714285
4768,8,1,3.625,0.125
4769,20,2,2.3,0.1
4770,54,13,3.4444444444444446,0.24074074074074073
4771,99,25,3.494949494949495,0.25252525252525254
4772,1,1,5.0,1.0
4773,7,0,3.7142857142857144,0.0
4774,194,31,3.443298969072165,0.15979381443298968
4775,31,6,4.161290322580645,0.1935483870967742
4776,569,66,3.7768014059753954,0.11599297012302284
4777,55,14,2.8363636363636364,0.2545454545454545
4778,5,2,4.8,0.4
4779,43,5,4.465116279069767,0.11627906976744186
4780,9,2,3.888888888888889,0.2222222222222222
4781,12,0,3.4166666666666665,0.0
4782,7,2,3.857142857142857,0.2857142857142857
4783,86,5,4.372093023255814,0.05813953488372093
4784,14,6,3.7857142857142856,0.42857142857142855
4785,2,1,5.0,0.5
4786,17,3,3.411764705882353,0.17647058823529413
4787,7,3,2.2857142857142856,0.42857142857142855
4788,123,15,4.260162601626016,0.12195121951219512
4789,219,24,4.269406392694064,0.1095890410958904
4790,1,0,3.0,0.0
4791,59,13,4.559322033898305,0.22033898305084745
4792,4,0,2.25,0.0
4793,12,6,3.5,0.5
4794,133,13,4.045112781954887,0.09774436090225563
4795,4,3,4.25,0.75
4796,11,0,4.181818181818182,0.0
4797,165,24,3.5272727272727273,0.14545454545454545
4798,55,6,4.3090909090909095,0.10909090909090909
4799,49,15,4.571428571428571,0.30612244897959184
4800,1559,112,3.73059653624118,0.0718409236690186
4801,18,7,4.555555555555555,0.3888888888888889
4802,142,24,3.676056338028169,0.16901408450704225
4803,2,0,2.5,0.0
4804,16,2,2.5,0.125
4805,47,13,4.042553191489362,0.2765957446808511
4806,4,2,2.5,0.5
4807,10,4,4.4,0.4
4808,75,6,3.6266666666666665,0.08
4809,12,0,3.9166666666666665,0.0
4810,2,1,4.0,0.5
4811,207,44,3.1642512077294684,0.21256038647342995
4812,69,13,3.608695652173913,0.18840579710144928
4813,36,13,2.4166666666666665,0.3611111111111111
4814,55,11,4.090909090909091,0.2
4815,20,5,3.15,0.25
4816,784,38,3.8392857142857144,0.04846938775510204
4817,65,14,3.753846153846154,0.2153846153846154
4818,2,0,3.5,0.0
4819,389,24,3.8431876606683804,0.061696658097686374
4820,1536,148,4.011067708333333,0.09635416666666667
4821,25,7,3.56,0.28
4822,5,2,2.6,0.4
4823,81,11,3.617283950617284,0.13580246913580246
4824,248,27,4.451612903225806,0.10887096774193548
4825,394,62,3.8756345177664975,0.15736040609137056
4826,392,54,3.8903061224489797,0.1377551020408163
4827,3,0,3.0,0.0
4828,32,8,3.25,0.25
4829,759,73,3.9907773386034258,0.09617918313570488
4830,1,0,4.0,0.0
4831,25,7,4.4,0.28
4832,53,8,3.7547169811320753,0.1509433962264151
4833,218,25,3.81651376146789,0.11467889908256881
4834,357,47,3.823529411764706,0.13165266106442577
4835,2,0,4.0,0.0
4836,4,1,3.25,0.25
4837,461,47,3.928416485900217,0.1019522776572668
4838,34,7,4.176470588235294,0.20588235294117646
4839,121,15,4.132231404958677,0.12396694214876033
4840,140,9,4.021428571428571,0.06428571428571428
4841,5,1,2.4,0.2
4842,36,10,3.611111111111111,0.2777777777777778
4843,186,67,4.32258064516129,0.3602150537634409
4844,15,6,3.3333333333333335,0.4
4845,40,6,4.0,0.15
4846,102,14,2.980392156862745,0.13725490196078433
4847,5,1,3.2,0.2
4848,10,7,1.8,0.7
4849,19,7,2.789473684210526,0.3684210526315789
4850,423,55,4.004728132387707,0.13002364066193853
4851,12,4,4.416666666666667,0.3333333333333333
4852,74,11,4.256756756756757,0.14864864864864866
4853,70,12,2.9285714285714284,0.17142857142857143
4854,34,8,3.588235294117647,0.23529411764705882
4855,4,1,4.25,0.25
4856,5,1,3.8,0.2
4857,38,8,4.368421052631579,0.21052631578947367
4858,6,1,4.0,0.16666666666666666
4859,199,19,3.92964824120603,0.09547738693467336
4860,100,14,3.93,0.14
4861,2,1,3.0,0.5
4862,1,1,5.0,1.0
4863,68,11,3.911764705882353,0.16176470588235295
4864,1428,145,4.082633053221288,0.1015406162464986
4865,27,5,4.148148148148148,0.18518518518518517
4866,2,0,2.5,0.0
4867,83,12,4.554216867469879,0.14457831325301204
4868,4,0,3.25,0.0
4869,42,2,2.738095238095238,0.047619047619047616
4870,20,7,3.0,0.35
4871,139,46,2.949640287769784,0.33093525179856115
4872,2,0,5.0,0.0
4873,8,1,2.875,0.125
4874,23,8,3.6956521739130435,0.34782608695652173
4875,120,16,3.275,0.13333333333333333
4876,12,0,2.5,0.0
4877,1,0,1.0,0.0
4878,512,39,4.029296875,0.076171875
4879,380,36,3.9078947368421053,0.09473684210526316
4880,251,19,3.8764940239043826,0.07569721115537849
4881,284,51,4.052816901408451,0.1795774647887324
4882,133,27,3.9473684210526314,0.20300751879699247
4883,100,20,4.23,0.2
4884,106,11,4.132075471698113,0.10377358490566038
4885,71,6,4.338028169014085,0.08450704225352113
4886,8,0,4.25,0.0
4887,5,1,3.2,0.2
4888,1,0,2.0,0.0
4889,5,0,4.0,0.0
4890,34,7,3.323529411764706,0.20588235294117646
4891,4,0,3.5,0.0
4892,13,10,4.461538461538462,0.7692307692307693
4893,5,2,3.6,0.4
4894,2,0,4.0,0.0
4895,323,55,4.037151702786378,0.17027863777089783
4896,1,0,3.0,0.0
4897,1085,97,3.9133640552995392,0.08940092165898618
4898,427,55,4.098360655737705,0.1288056206088993
4899,38,11,3.8684210526315788,0.2894736842105263
4900,99,14,4.232323232323233,0.1414141414141414
4901,30,5,4.866666666666666,0.16666666666666666
4902,42,5,4.476190476190476,0.11904761904761904
4903,4,0,4.0,0.0
4904,282,49,4.056737588652482,0.17375886524822695
4905,140,11,4.178571428571429,0.07857142857142857
4906,108,7,3.925925925925926,0.06481481481481481
4907,30,3,3.7666666666666666,0.1
4908,12,0,3.5,0.0
4909,4,1,3.0,0.25
4910,10,2,4.6,0.2
4911,9,6,4.0,0.6666666666666666
4912,124,21,4.112903225806452,0.1693548387096774
4913,13,4,3.4615384615384617,0.3076923076923077
4914,110,17,3.5727272727272728,0.15454545454545454
4915,76,8,3.473684210526316,0.10526315789473684
4916,8,0,3.25,0.0
4917,9,2,3.2222222222222223,0.2222222222222222
4918,15,0,3.4,0.0
4919,4,0,3.5,0.0
4920,3,0,3.0,0.0
4921,1,0,4.0,0.0
4922,141,18,4.659574468085107,0.1276595744680851
4923,98,6,4.204081632653061,0.061224489795918366
4924,12,7,3.1666666666666665,0.5833333333333334
4925,20,2,3.5,0.1
4926,45,9,4.511111111111111,0.2
4927,71,25,3.7183098591549295,0.352112676056338
4928,22,6,3.909090909090909,0.2727272727272727
4929,2,0,3.0,0.0
4930,1,0,4.0,0.0
4931,12,4,3.3333333333333335,0.3333333333333333
4932,96,10,4.572916666666667,0.10416666666666667
4933,6,3,3.1666666666666665,0.5
4934,22,9,4.0,0.4090909090909091
4935,27,4,3.1481481481481484,0.14814814814814814
4936,11,1,3.272727272727273,0.09090909090909091
4937,6,2,3.5,0.3333333333333333
4938,63,12,3.238095238095238,0.19047619047619047
4939,5,0,3.8,0.0
4940,29,18,3.8620689655172415,0.6206896551724138
4941,307,33,4.0814332247557,0.10749185667752444
4942,203,11,4.241379310344827,0.054187192118226604
4943,28,2,4.428571428571429,0.07142857142857142
4944,89,8,3.7865168539325844,0.0898876404494382
4945,47,7,3.404255319148936,0.14893617021276595
4946,14,0,3.5714285714285716,0.0
4947,8,3,3.375,0.375
4948,1,0,4.0,0.0
4949,301,55,4.74750830564784,0.18272425249169436
4950,9,4,4.222222222222222,0.4444444444444444
4951,47,10,3.4468085106382977,0.2127659574468085
4952,15,5,3.3333333333333335,0.3333333333333333
4953,8,2,3.625,0.25
4954,611,52,4.134206219312603,0.0851063829787234
4955,11,2,3.3636363636363638,0.18181818181818182
4956,10,2,2.4,0.2
4957,111,26,3.6216216216216215,0.23423423423423423
4958,41,14,3.2195121951219514,0.34146341463414637
4959,3,0,3.3333333333333335,0.0
4960,119,6,4.294117647058823,0.05042016806722689
4961,235,17,4.05531914893617,0.07234042553191489
4962,9,1,4.222222222222222,0.1111111111111111
4963,8,6,3.25,0.75
4964,56,23,4.0,0.4107142857142857
4965,6,0,3.5,0.0
4966,20,6,3.5,0.3
4967,16,4,4.0625,0.25
4968,239,23,4.2301255230125525,0.09623430962343096
4969,77,4,4.311688311688312,0.05194805194805195
4970,5,1,4.6,0.2
4971,148,15,3.7972972972972974,0.10135135135135136
4972,51,11,3.9215686274509802,0.21568627450980393
4973,14,4,2.9285714285714284,0.2857142857142857
4974,15,3,4.666666666666667,0.2
4975,16,8,3.8125,0.5
4976,233,33,4.021459227467811,0.14163090128755365
4977,40,3,4.0,0.075
4978,1,0,5.0,0.0
4979,6,0,2.5,0.0
4980,3,0,5.0,0.0
4981,25,2,3.76,0.08
4982,19,4,3.473684210526316,0.21052631578947367
4983,67,41,4.313432835820896,0.6119402985074627
4984,116,19,3.5948275862068964,0.16379310344827586
4985,283,40,4.229681978798586,0.1413427561837456
4986,309,35,4.258899676375404,0.11326860841423948
4987,23,4,4.130434782608695,0.17391304347826086
4988,1020,41,3.9098039215686273,0.04019607843137255
4989,108,10,3.9537037037037037,0.09259259259259259
4990,1,0,5.0,0.0
4991,48,6,4.479166666666667,0.125
4992,269,33,3.907063197026022,0.12267657992565056
4993,7,1,3.0,0.14285714285714285
4994,171,18,4.011695906432749,0.10526315789473684
4995,1017,69,4.154375614552606,0.06784660766961652
4996,42,6,3.9047619047619047,0.14285714285714285
4997,1290,124,3.755813953488372,0.09612403100775194
4998,13,2,4.0,0.15384615384615385
4999,92,6,3.9782608695652173,0.06521739130434782
5000,39,10,4.051282051282051,0.2564102564102564
5001,96,16,4.197916666666667,0.16666666666666666
5002,5,2,4.2,0.4
5003,6,1,4.0,0.16666666666666666
5004,12,4,3.3333333333333335,0.3333333333333333
5005,97,14,3.0,0.14432989690721648
5006,2,0,2.0,0.0
5007,603,52,3.9519071310116085,0.08623548922056384
5008,20,1,4.65,0.05
5009,14,3,3.4285714285714284,0.21428571428571427
5010,4,0,3.75,0.0
5011,4,1,2.5,0.25
5012,3,1,5.0,0.3333333333333333
5013,5,2,4.0,0.4
5014,6,3,2.3333333333333335,0.5
5015,49,8,3.816326530612245,0.16326530612244897
5016,356,54,4.205056179775281,0.15168539325842698
5017,158,23,3.9683544303797467,0.14556962025316456
5018,81,4,3.9382716049382718,0.04938271604938271
5019,185,24,3.8972972972972975,0.12972972972972974
5020,6,1,4.5,0.16666666666666666
5021,3,2,3.3333333333333335,0.6666666666666666
5022,72,4,4.180555555555555,0.05555555555555555
5023,134,22,3.955223880597015,0.16417910447761194
5024,15,1,3.4,0.06666666666666667
5025,1411,120,3.7377746279234585,0.08504606661941885
5026,149,22,3.3557046979865772,0.1476510067114094
5027,250,29,4.14,0.116
5028,250,23,4.012,0.092
5029,37,2,4.081081081081081,0.05405405405405406
5030,186,12,4.118279569892473,0.06451612903225806
5031,31,2,3.7096774193548385,0.06451612903225806
5032,489,37,4.222903885480573,0.07566462167689161
5033,4,0,2.75,0.0
5034,35,1,4.457142857142857,0.02857142857142857
5035,29,8,3.5517241379310347,0.27586206896551724
5036,30,10,3.9,0.3333333333333333
5037,8,2,4.25,0.25
5038,17,9,3.0588235294117645,0.5294117647058824
5039,12,4,3.3333333333333335,0.3333333333333333
5040,1,0,3.0,0.0
5041,192,33,4.171875,0.171875
5042,3,1,5.0,0.3333333333333333
5043,40,3,2.675,0.075
